"rabs","samplesize","alpha","rsgn","smoothed","plotstyle","subj_id","weights","correct","freq"
0.5,96,-2.94443897916644,1,0,1,161,1,1,1
0.9,96,-2.94443897916644,0,1,1,161,1,1,1
0.5,24,-2.94443897916644,0,0,0,83,1,0,1
0.7,12,-2.94443897916644,0,0,1,135,1,0,1
0.3,96,-2.94443897916644,1,1,1,184,1,0,1
0.9,48,-2.94443897916644,1,0,1,161,1,1,1
0.9,96,-2.94443897916644,0,1,1,135,1,1,1
0.9,48,-2.94443897916644,1,1,1,94,1,1,1
0.5,96,-2.94443897916644,0,0,1,184,1,0,1
0.9,48,-2.94443897916644,1,0,0,54,1,0,1
0.7,96,-2.94443897916644,0,0,0,83,1,0,1
0.5,48,-2.94443897916644,1,1,1,184,1,0,1
0.5,24,-2.94443897916644,1,0,1,144,1,0,1
0.7,48,-2.94443897916644,0,1,1,134,1,1,1
0.7,96,-2.94443897916644,1,0,1,184,1,0,1
0.7,12,-2.94443897916644,0,0,0,83,1,0,1
0.3,96,-2.94443897916644,1,1,1,135,1,0,1
0.3,24,-2.94443897916644,0,0,1,184,1,0,1
0.3,48,-2.94443897916644,0,0,0,151,0.333333333333333,0,1
0.3,48,-2.94443897916644,0,0,0,151,0.333333333333333,0,1
0.3,48,-2.94443897916644,0,0,0,151,0.333333333333333,0,1
0.3,12,-2.94443897916644,1,0,1,94,1,0,1
0.9,24,-2.94443897916644,1,0,0,54,0.5,0,1
0.9,24,-2.94443897916644,1,0,0,54,0.5,1,1
0.5,12,-2.94443897916644,0,0,1,161,1,0,1
0.9,48,-2.94443897916644,1,1,1,134,1,0,1
0.3,24,-2.94443897916644,0,0,0,184,1,0,1
0.7,48,-2.94443897916644,1,1,1,94,1,1,1
0.9,12,-2.94443897916644,1,0,1,135,1,1,1
0.5,96,-2.94443897916644,1,1,1,161,1,1,1
0.3,12,-2.94443897916644,1,0,0,54,1,0,1
0.5,12,-2.94443897916644,1,0,1,150,1,0,1
0.3,12,-2.94443897916644,1,0,0,83,1,0,1
0.7,96,-2.94443897916644,1,0,1,114,1,1,1
0.5,48,-2.94443897916644,0,0,0,187,1,0,1
0.5,48,-2.94443897916644,0,0,0,54,1,0,1
0.7,12,-2.94443897916644,1,0,1,94,1,1,1
0.7,96,-2.94443897916644,0,1,1,135,1,0,1
0.5,24,-2.94443897916644,1,0,0,32,1,0,1
0.5,48,-2.94443897916644,0,0,0,54,1,0,1
0.3,24,-2.94443897916644,0,0,0,83,1,0,1
0.3,96,-2.94443897916644,0,1,1,144,1,0,1
0.9,24,-2.94443897916644,1,0,0,161,1,1,1
0.3,96,-2.94443897916644,0,0,1,54,1,1,1
0.9,12,-2.94443897916644,1,0,0,32,1,1,1
0.7,12,-2.94443897916644,1,0,1,144,1,0,1
0.5,96,-2.94443897916644,1,0,1,83,1,1,1
0.5,48,-2.94443897916644,1,0,1,134,1,1,1
0.9,96,-2.94443897916644,0,0,0,187,1,0,1
0.7,24,-2.94443897916644,1,0,1,114,1,0,1
0.7,48,-2.94443897916644,1,1,1,150,1,1,1
0.7,12,-2.94443897916644,0,0,1,94,1,0,1
0.3,96,-2.94443897916644,0,0,1,144,1,0,1
0.3,48,-2.94443897916644,1,1,1,54,0.5,0,1
0.3,48,-2.94443897916644,1,1,1,54,0.5,0,1
0.3,48,-2.94443897916644,1,0,0,161,1,0,1
0.5,24,-2.94443897916644,1,0,0,151,0.5,0,1
0.5,24,-2.94443897916644,1,0,0,151,0.5,0,1
0.9,48,-2.94443897916644,1,0,0,184,1,0,1
0.9,48,-2.94443897916644,1,0,1,134,1,1,1
0.5,48,-2.94443897916644,1,1,0,188,1,0,1
0.9,96,-2.94443897916644,1,0,1,149,1,1,1
0.9,48,-2.94443897916644,0,0,1,54,1,1,1
0.3,24,-2.94443897916644,1,0,1,114,1,0,1
0.9,12,-2.94443897916644,1,0,0,184,1,0,1
0.9,48,-2.94443897916644,1,1,0,94,1,1,1
0.9,48,-2.94443897916644,1,1,1,150,1,1,1
0.7,96,-2.94443897916644,0,1,1,114,1,1,1
0.9,24,-2.94443897916644,0,0,0,187,1,0,1
0.5,12,-2.94443897916644,1,0,1,54,1,0,1
0.9,12,-2.94443897916644,0,0,0,184,1,0,1
0.3,96,-2.94443897916644,1,0,1,144,1,1,1
0.9,96,-2.94443897916644,0,0,1,83,1,1,1
0.5,12,-2.94443897916644,0,0,0,152,1,0,1
0.3,96,-2.94443897916644,1,1,0,151,1,0,1
0.7,96,-2.94443897916644,1,0,1,27,1,1,1
0.7,12,-2.94443897916644,0,0,1,54,1,0,1
0.5,96,-2.94443897916644,0,1,1,114,1,0,1
0.9,96,-2.94443897916644,0,1,0,184,1,0,1
0.7,96,-2.94443897916644,1,0,0,32,1,0,1
0.9,96,-2.94443897916644,1,0,0,114,1,1,1
0.3,48,-2.94443897916644,0,1,1,83,1,0,1
0.7,48,-2.94443897916644,1,1,0,41,1,1,1
0.3,48,-2.94443897916644,1,0,0,151,0.5,0,1
0.3,48,-2.94443897916644,1,0,0,151,0.5,1,1
0.5,48,-2.94443897916644,1,1,0,94,1,1,1
0.7,12,-2.94443897916644,1,0,0,165,1,1,1
0.3,24,-2.94443897916644,1,0,1,138,1,0,1
0.3,96,-2.94443897916644,1,1,1,150,1,0,1
0.5,48,-2.94443897916644,0,0,1,134,1,0,1
0.5,12,-2.94443897916644,0,0,1,83,1,0,1
0.9,12,-2.94443897916644,0,0,0,144,1,0,1
0.9,96,-2.94443897916644,0,0,0,114,1,1,1
0.7,24,-2.94443897916644,1,0,1,83,1,0,1
0.9,48,-2.94443897916644,1,1,1,27,1,1,1
0.3,96,-2.94443897916644,1,0,1,52,1,1,1
0.3,24,-2.94443897916644,0,0,0,151,1,0,1
0.7,48,-2.94443897916644,0,0,0,94,1,0,1
0.5,96,-2.94443897916644,0,1,0,114,1,1,1
0.3,48,-2.94443897916644,0,1,0,188,1,0,1
0.5,48,-2.94443897916644,0,1,0,161,1,0,1
0.5,96,-2.94443897916644,0,0,1,149,1,1,1
0.9,96,-2.94443897916644,1,1,1,52,1,1,1
0.7,24,-2.94443897916644,1,0,1,176,1,0,1
0.7,12,-2.94443897916644,1,0,0,32,0.5,0,1
0.7,12,-2.94443897916644,1,0,0,32,0.5,0,1
0.7,96,-2.94443897916644,0,0,0,94,1,0,1
0.7,48,-2.94443897916644,0,0,1,151,1,1,1
0.3,96,-2.94443897916644,0,0,0,187,1,0,1
0.7,48,-2.94443897916644,1,1,0,148,1,0,1
0.5,12,-2.94443897916644,1,0,0,197,0.5,1,1
0.5,12,-2.94443897916644,1,0,0,197,0.5,0,1
0.5,96,-2.94443897916644,0,1,0,134,1,0,1
0.5,96,-2.94443897916644,1,0,1,196,1,1,1
0.3,48,-2.94443897916644,0,1,1,150,1,0,1
0.9,96,-2.94443897916644,1,1,0,94,1,1,1
0.5,24,-2.94443897916644,0,0,1,138,1,0,1
0.7,12,-2.94443897916644,1,0,0,161,1,0,1
0.3,12,-2.94443897916644,0,0,0,114,1,0,1
0.3,48,-2.94443897916644,0,1,1,32,1,0,1
0.5,48,-2.94443897916644,0,1,0,144,1,0,1
0.5,96,-2.94443897916644,1,1,1,151,1,1,1
0.9,12,-2.94443897916644,1,0,0,188,1,1,1
0.9,48,-2.94443897916644,0,1,0,137,1,1,1
0.7,96,-2.94443897916644,1,0,1,176,1,1,1
0.3,48,-2.94443897916644,0,0,0,41,1,1,1
0.7,48,-2.94443897916644,0,0,1,27,1,1,1
0.5,96,-2.94443897916644,0,0,1,32,1,1,1
0.9,24,-2.94443897916644,1,0,1,151,1,1,1
0.9,48,-2.94443897916644,0,1,0,161,1,1,1
0.7,96,-2.94443897916644,1,0,1,132,1,1,1
0.9,48,-2.94443897916644,0,1,0,135,1,0,1
0.3,48,-2.94443897916644,0,0,1,149,1,0,1
0.7,24,-2.94443897916644,0,0,1,59,1,1,1
0.3,96,-2.94443897916644,1,0,0,114,1,1,1
0.7,96,-2.94443897916644,0,1,1,32,1,1,1
0.9,48,-2.94443897916644,1,1,1,151,1,1,1
0.7,24,-2.94443897916644,0,0,0,144,1,1,1
0.3,48,-2.94443897916644,0,0,0,131,0.333333333333333,0,1
0.3,48,-2.94443897916644,0,0,0,131,0.333333333333333,1,1
0.3,48,-2.94443897916644,0,0,0,131,0.333333333333333,0,1
0.9,48,-2.94443897916644,1,0,1,11,1,1,1
0.7,12,-2.94443897916644,1,0,0,187,1,1,1
0.7,96,-2.94443897916644,1,0,0,142,1,1,1
0.3,12,-2.94443897916644,0,0,1,114,1,0,1
0.7,96,-2.94443897916644,1,1,1,151,1,1,1
0.5,48,-2.94443897916644,1,1,1,176,1,0,1
0.7,96,-2.94443897916644,1,1,0,150,1,1,1
0.3,48,-2.94443897916644,0,1,1,196,1,0,1
0.9,48,-2.94443897916644,1,1,0,165,1,1,1
0.7,48,-2.94443897916644,0,1,1,27,1,1,1
0.3,24,-2.94443897916644,0,0,1,32,1,0,1
0.5,96,-2.94443897916644,1,1,0,42,0.5,0,1
0.5,96,-2.94443897916644,1,1,0,42,0.5,0,1
0.5,96,-2.94443897916644,1,1,1,59,1,1,1
0.5,48,-2.94443897916644,1,0,1,138,0.5,0,1
0.5,48,-2.94443897916644,1,0,1,138,0.5,1,1
0.5,24,-2.94443897916644,1,0,1,187,1,0,1
0.9,96,-2.94443897916644,1,0,1,32,1,1,1
0.9,96,-2.94443897916644,1,0,1,176,1,1,1
0.7,96,-2.94443897916644,0,0,0,14,1,0,1
0.3,96,-2.94443897916644,1,1,0,134,1,0,1
0.7,48,-2.94443897916644,0,0,1,149,1,1,1
0.5,96,-2.94443897916644,1,0,0,135,1,0,1
0.7,48,-2.94443897916644,1,1,1,196,1,1,1
0.5,48,-2.94443897916644,0,1,1,132,1,0,1
0.9,96,-2.94443897916644,1,1,0,142,1,1,1
0.9,12,-2.94443897916644,1,0,1,114,1,1,1
0.7,96,-2.94443897916644,0,1,1,187,1,1,1
0.5,12,-2.94443897916644,0,0,1,59,1,0,1
0.3,12,-2.94443897916644,1,0,0,144,1,0,1
0.7,48,-2.94443897916644,1,0,1,149,1,1,1
0.5,96,-2.94443897916644,1,0,0,32,1,1,1
0.3,48,-2.94443897916644,1,0,0,137,1,0,1
0.5,96,-2.94443897916644,1,1,0,148,1,0,1
0.3,96,-2.94443897916644,0,1,1,176,1,0,1
0.7,48,-2.94443897916644,0,1,0,42,0.5,0,1
0.7,48,-2.94443897916644,0,1,0,42,0.5,0,1
0.5,96,-2.94443897916644,1,1,1,138,1,1,1
0.7,24,-2.94443897916644,0,0,1,196,1,0,1
0.7,96,-2.94443897916644,1,1,0,144,1,1,1
0.5,12,-2.94443897916644,0,0,0,41,1,0,1
0.3,24,-2.94443897916644,0,0,1,187,1,0,1
0.3,96,-2.94443897916644,1,0,1,27,1,0,1
0.9,96,-2.94443897916644,0,0,0,87,1,0,1
0.9,48,-2.94443897916644,1,0,0,150,1,0,1
0.5,48,-2.94443897916644,1,0,0,135,0.5,0,1
0.5,48,-2.94443897916644,1,0,0,135,0.5,0,1
0.3,96,-2.94443897916644,0,0,1,59,1,1,1
0.3,24,-2.94443897916644,1,0,0,165,1,0,1
0.3,48,-2.94443897916644,0,0,0,152,1,0,1
0.7,48,-2.94443897916644,1,1,0,142,1,1,1
0.3,96,-2.94443897916644,0,0,1,11,1,0,1
0.5,48,-2.94443897916644,1,0,1,187,1,1,1
0.7,48,-2.94443897916644,1,0,0,149,1,1,1
0.9,48,-2.94443897916644,0,0,1,59,1,1,1
0.7,48,-2.94443897916644,1,0,0,23,1,0,1
0.5,12,-2.94443897916644,0,0,0,32,1,0,1
0.3,24,-2.94443897916644,0,0,1,61,1,0,1
0.9,48,-2.94443897916644,0,1,0,42,0.5,0,1
0.9,48,-2.94443897916644,0,1,0,42,0.5,0,1
0.3,24,-2.94443897916644,0,0,1,132,1,0,1
0.5,24,-2.94443897916644,1,0,1,158,1,0,1
0.7,24,-2.94443897916644,1,0,1,17,1,0,1
0.9,48,-2.94443897916644,0,1,1,138,1,1,1
0.7,48,-2.94443897916644,0,1,1,187,1,0,1
0.7,48,-2.94443897916644,0,1,0,165,1,1,1
0.5,96,-2.94443897916644,0,0,0,197,1,0,1
0.9,12,-2.94443897916644,0,0,0,135,0.5,0,1
0.9,12,-2.94443897916644,0,0,0,135,0.5,0,1
0.3,48,-2.94443897916644,0,0,0,42,0.5,0,1
0.3,48,-2.94443897916644,0,0,0,42,0.5,0,1
0.5,48,-2.94443897916644,1,0,1,132,1,1,1
0.3,12,-2.94443897916644,1,0,0,134,1,0,1
0.5,96,-2.94443897916644,1,1,0,137,1,1,1
0.5,24,-2.94443897916644,1,0,0,41,1,0,1
0.3,12,-2.94443897916644,1,0,0,177,1,0,1
0.5,12,-2.94443897916644,0,0,0,142,1,0,1
0.5,48,-2.94443897916644,1,1,0,42,0.5,0,1
0.5,48,-2.94443897916644,1,1,0,42,0.5,0,1
0.5,12,-2.94443897916644,0,0,1,196,1,0,1
0.5,96,-2.94443897916644,0,0,0,27,1,0,1
0.3,48,-2.94443897916644,1,0,0,100,1,1,1
0.9,12,-2.94443897916644,0,0,0,135,1,0,1
0.7,48,-2.94443897916644,1,1,0,148,1,1,1
0.3,48,-2.94443897916644,1,1,1,11,1,0,1
0.9,48,-2.94443897916644,1,0,1,17,1,1,1
0.7,48,-2.94443897916644,0,1,1,158,1,1,1
0.7,96,-2.94443897916644,1,1,0,137,1,1,1
0.3,48,-2.94443897916644,1,0,0,176,1,1,1
0.3,12,-2.94443897916644,1,0,1,132,1,0,1
0.5,48,-2.94443897916644,0,0,0,183,1,0,1
0.7,12,-2.94443897916644,0,0,1,61,1,0,1
0.7,96,-2.94443897916644,1,0,0,142,1,1,1
0.9,48,-2.94443897916644,0,0,0,138,1,0,1
0.7,48,-2.94443897916644,1,1,1,42,1,1,1
0.3,48,-2.94443897916644,0,1,1,199,1,0,1
0.7,24,-2.94443897916644,0,0,0,134,1,0,1
0.5,48,-2.94443897916644,0,0,0,14,1,0,1
0.3,12,-2.94443897916644,1,0,1,118,1,0,1
0.3,96,-2.94443897916644,0,1,0,149,1,0,1
0.3,12,-2.94443897916644,1,0,0,196,1,0,1
0.9,96,-2.94443897916644,0,1,0,93,1,1,1
0.5,96,-2.94443897916644,1,1,0,59,1,0,1
0.5,12,-2.94443897916644,1,0,0,123,0.2,0,1
0.5,12,-2.94443897916644,1,0,0,123,0.2,0,1
0.5,12,-2.94443897916644,1,0,0,123,0.2,0,1
0.5,12,-2.94443897916644,1,0,0,123,0.2,0,1
0.5,12,-2.94443897916644,1,0,0,123,0.2,0,1
0.9,48,-2.94443897916644,1,0,0,131,0.333333333333333,0,1
0.9,48,-2.94443897916644,1,0,0,131,0.333333333333333,0,1
0.9,48,-2.94443897916644,1,0,0,131,0.333333333333333,0,1
0.9,96,-2.94443897916644,0,1,0,183,1,1,1
0.7,48,-2.94443897916644,1,0,0,176,1,1,1
0.3,96,-2.94443897916644,1,1,1,11,1,0,1
0.5,48,-2.94443897916644,1,0,1,61,1,1,1
0.3,12,-2.94443897916644,0,0,1,142,1,0,1
0.3,96,-2.94443897916644,1,1,0,148,1,0,1
0.3,48,-2.94443897916644,1,0,0,150,1,0,1
0.7,96,-2.94443897916644,1,0,1,42,1,1,1
0.5,48,-2.94443897916644,1,0,0,27,1,0,1
0.3,24,-2.94443897916644,1,0,0,152,1,1,1
0.3,48,-2.94443897916644,1,0,1,17,1,0,1
0.5,96,-2.94443897916644,1,0,0,87,1,0,1
0.9,24,-2.94443897916644,1,0,0,183,1,1,1
0.3,48,-2.94443897916644,0,0,1,158,1,0,1
0.3,24,-2.94443897916644,0,0,0,134,1,0,1
0.7,48,-2.94443897916644,0,0,1,142,1,1,1
0.9,12,-2.94443897916644,1,0,1,61,1,0,1
0.3,24,-2.94443897916644,0,0,1,62,1,0,1
0.3,48,-2.94443897916644,0,1,0,166,1,1,1
0.7,96,-2.94443897916644,1,0,0,138,1,1,1
0.9,96,-2.94443897916644,0,1,1,167,1,1,1
0.7,12,-2.94443897916644,1,0,0,93,1,0,1
0.7,48,-2.94443897916644,1,0,1,142,1,1,1
0.9,96,-2.94443897916644,1,1,1,52,1,1,1
0.3,48,-2.94443897916644,1,1,1,88,1,0,1
0.5,24,-2.94443897916644,1,0,0,149,1,0,1
0.5,12,-2.94443897916644,1,0,0,150,1,1,1
0.5,48,-2.94443897916644,0,1,1,11,1,1,1
0.5,96,-2.94443897916644,0,0,1,126,1,1,1
0.5,48,-2.94443897916644,1,0,0,14,0.5,1,1
0.5,48,-2.94443897916644,1,0,0,14,0.5,0,1
0.5,96,-2.94443897916644,0,1,1,42,0.5,0,1
0.5,96,-2.94443897916644,0,1,1,42,0.5,0,1
0.5,48,-2.94443897916644,1,1,0,124,1,0,1
0.5,96,-2.94443897916644,0,1,0,23,1,0,1
0.7,48,-2.94443897916644,0,1,0,93,1,0,1
0.5,12,-2.94443897916644,0,0,0,100,1,0,1
0.3,24,-2.94443897916644,0,0,0,176,1,0,1
0.3,96,-2.94443897916644,0,0,0,165,1,0,1
0.7,48,-2.94443897916644,1,0,0,137,1,0,1
0.9,24,-2.94443897916644,1,0,0,152,1,1,1
0.5,24,-2.94443897916644,0,0,0,196,1,0,1
0.9,24,-2.94443897916644,1,0,0,59,1,1,1
0.7,24,-2.94443897916644,0,0,0,183,1,0,1
0.5,96,-2.94443897916644,0,1,0,197,1,1,1
0.7,96,-2.94443897916644,0,1,1,61,1,1,1
0.9,12,-2.94443897916644,1,0,1,42,1,1,1
0.9,96,-2.94443897916644,1,1,1,118,1,1,1
0.9,48,-2.94443897916644,1,1,0,138,1,1,1
0.9,24,-2.94443897916644,0,0,1,165,1,1,1
0.3,96,-2.94443897916644,0,0,0,148,1,0,1
0.9,24,-2.94443897916644,1,0,1,157,1,1,1
0.7,48,-2.94443897916644,0,0,1,88,1,1,1
0.3,48,-2.94443897916644,1,1,1,142,1,0,1
0.5,48,-2.94443897916644,1,0,0,87,1,1,1
0.3,12,-2.94443897916644,1,0,0,183,1,0,1
0.9,48,-2.94443897916644,0,0,0,200,1,0,1
0.9,12,-2.94443897916644,0,0,0,61,1,1,1
0.3,96,-2.94443897916644,1,0,1,42,0.5,0,1
0.3,96,-2.94443897916644,1,0,1,42,0.5,1,1
0.9,48,-2.94443897916644,1,0,0,27,1,0,1
0.7,48,-2.94443897916644,1,0,1,62,1,1,1
0.5,12,-2.94443897916644,0,0,0,150,1,0,1
0.7,48,-2.94443897916644,0,1,0,131,0.333333333333333,1,1
0.7,48,-2.94443897916644,0,1,0,131,0.333333333333333,0,1
0.7,48,-2.94443897916644,0,1,0,131,0.333333333333333,0,1
0.9,96,-2.94443897916644,1,1,0,124,1,0,1
0.9,48,-2.94443897916644,0,0,0,93,1,0,1
0.5,96,-2.94443897916644,1,1,1,167,1,0,1
0.3,48,-2.94443897916644,1,0,0,149,1,0,1
0.5,96,-2.94443897916644,0,0,0,152,1,0,1
0.7,48,-2.94443897916644,0,1,0,59,1,0,1
0.3,12,-2.94443897916644,0,0,0,23,1,0,1
0.3,12,-2.94443897916644,1,0,1,142,1,0,1
0.3,12,-2.94443897916644,0,0,0,84,1,0,1
0.7,96,-2.94443897916644,0,1,0,196,1,1,1
0.7,12,-2.94443897916644,0,0,1,158,1,0,1
0.3,12,-2.94443897916644,1,0,0,166,1,0,1
0.7,48,-2.94443897916644,1,0,0,87,1,0,1
0.9,48,-2.94443897916644,0,0,1,148,1,1,1
0.3,12,-2.94443897916644,1,0,0,177,1,0,1
0.9,24,-2.94443897916644,0,0,0,27,1,0,1
0.5,96,-2.94443897916644,0,0,1,137,1,1,1
0.7,48,-2.94443897916644,0,0,0,149,1,1,1
0.7,96,-2.94443897916644,1,0,0,176,1,0,1
0.3,48,-2.94443897916644,0,0,0,138,1,0,1
0.3,96,-2.94443897916644,1,1,0,100,1,0,1
0.5,96,-2.94443897916644,0,0,1,165,1,0,1
0.5,24,-2.94443897916644,1,0,1,183,1,0,1
0.5,48,-2.94443897916644,1,0,1,62,1,1,1
0.7,96,-2.94443897916644,1,0,1,118,1,1,1
0.7,96,-2.94443897916644,1,1,1,158,1,1,1
0.5,96,-2.94443897916644,0,0,0,61,1,0,1
0.7,48,-2.94443897916644,1,1,0,124,1,1,1
0.3,12,-2.94443897916644,0,0,0,196,1,0,1
0.5,24,-2.94443897916644,0,0,1,17,1,0,1
0.5,96,-2.94443897916644,1,0,1,199,1,0,1
0.9,24,-2.94443897916644,0,0,0,23,1,0,1
0.9,96,-2.94443897916644,1,0,1,165,1,1,1
0.9,96,-2.94443897916644,0,0,1,183,1,1,1
0.3,12,-2.94443897916644,1,0,1,167,1,0,1
0.3,24,-2.94443897916644,1,0,0,132,1,0,1
0.3,48,-2.94443897916644,1,0,1,52,1,0,1
0.5,24,-2.94443897916644,1,0,0,59,0.5,0,1
0.5,24,-2.94443897916644,1,0,0,59,0.5,0,1
0.5,96,-2.94443897916644,1,0,1,88,0.5,1,1
0.5,96,-2.94443897916644,1,0,1,88,0.5,0,1
0.3,24,-2.94443897916644,0,0,0,123,0.166666666666667,0,1
0.3,24,-2.94443897916644,0,0,0,123,0.166666666666667,0,1
0.3,24,-2.94443897916644,0,0,0,123,0.166666666666667,0,1
0.3,24,-2.94443897916644,0,0,0,123,0.166666666666667,0,1
0.3,24,-2.94443897916644,0,0,0,123,0.166666666666667,0,1
0.3,24,-2.94443897916644,0,0,0,123,0.166666666666667,1,1
0.9,48,-2.94443897916644,1,0,1,180,1,1,1
0.3,48,-2.94443897916644,1,0,1,17,1,0,1
0.7,24,-2.94443897916644,1,0,0,200,1,0,1
0.9,48,-2.94443897916644,1,0,0,196,1,0,1
0.7,48,-2.94443897916644,1,0,1,183,1,1,1
0.7,24,-2.94443897916644,0,0,0,93,1,0,1
0.7,48,-2.94443897916644,0,0,1,167,1,1,1
0.5,96,-2.94443897916644,0,1,0,27,1,0,1
0.9,12,-2.94443897916644,0,0,1,165,1,1,1
0.7,48,-2.94443897916644,1,0,0,61,1,0,1
0.5,24,-2.94443897916644,0,0,0,132,1,0,1
0.3,48,-2.94443897916644,0,0,0,14,1,0,1
0.3,24,-2.94443897916644,1,0,0,59,1,0,1
0.3,48,-2.94443897916644,0,0,0,87,1,0,1
0.9,96,-2.94443897916644,0,0,0,176,1,0,1
0.9,48,-2.94443897916644,0,0,1,148,1,1,1
0.7,96,-2.94443897916644,0,1,1,142,1,1,1
0.7,96,-2.94443897916644,0,1,0,100,0.5,0,1
0.7,96,-2.94443897916644,0,1,0,100,0.5,0,1
0.9,48,-2.94443897916644,1,1,0,124,1,0,1
0.7,96,-2.94443897916644,0,1,1,93,1,1,1
0.7,48,-2.94443897916644,0,1,0,166,0.333333333333333,0,1
0.7,48,-2.94443897916644,0,1,0,166,0.333333333333333,0,1
0.7,48,-2.94443897916644,0,1,0,166,0.333333333333333,1,1
0.7,48,-2.94443897916644,0,0,1,183,1,1,1
0.9,24,-2.94443897916644,1,0,0,17,1,1,1
0.3,24,-2.94443897916644,1,0,0,11,1,1,1
0.7,48,-2.94443897916644,0,0,0,138,1,0,1
0.7,96,-2.94443897916644,1,1,0,158,1,1,1
0.7,24,-2.94443897916644,0,0,1,152,1,1,1
0.5,24,-2.94443897916644,1,0,1,88,1,0,1
0.3,24,-2.94443897916644,0,0,1,44,1,0,1
0.7,48,-2.94443897916644,0,1,1,165,1,1,1
0.5,96,-2.94443897916644,1,1,0,84,1,0,1
0.7,48,-2.94443897916644,1,1,0,177,1,1,1
0.5,48,-2.94443897916644,0,1,0,132,1,0,1
0.7,96,-2.94443897916644,1,0,0,131,0.5,0,1
0.7,96,-2.94443897916644,1,0,0,131,0.5,1,1
0.9,48,-2.94443897916644,0,1,1,183,1,1,1
0.5,48,-2.94443897916644,1,1,0,23,1,0,1
0.5,96,-2.94443897916644,1,1,1,93,1,1,1
0.9,24,-2.94443897916644,1,0,0,61,1,1,1
0.9,96,-2.94443897916644,1,1,1,62,1,1,1
0.3,12,-2.94443897916644,1,0,1,142,1,0,1
0.7,48,-2.94443897916644,1,0,1,88,1,1,1
0.9,96,-2.94443897916644,0,0,0,124,1,0,1
0.5,12,-2.94443897916644,0,0,1,137,1,0,1
0.5,96,-2.94443897916644,0,1,0,200,0.5,0,1
0.5,96,-2.94443897916644,0,1,0,200,0.5,1,1
0.9,48,-2.94443897916644,0,1,0,82,1,1,1
0.5,48,-2.94443897916644,0,1,0,17,1,0,1
0.7,24,-2.94443897916644,0,0,1,167,1,1,1
0.5,96,-2.94443897916644,0,0,0,100,1,0,1
0.9,24,-2.94443897916644,0,0,1,180,1,1,1
0.9,96,-2.94443897916644,1,1,0,84,1,1,1
0.7,96,-2.94443897916644,1,0,1,142,1,1,1
0.7,48,-2.94443897916644,0,1,0,158,1,1,1
0.9,12,-2.94443897916644,1,0,0,166,1,1,1
0.5,24,-2.94443897916644,0,0,1,157,1,0,1
0.5,96,-2.94443897916644,1,1,0,14,1,0,1
0.3,96,-2.94443897916644,0,1,1,52,1,0,1
0.7,24,-2.94443897916644,1,0,1,152,1,0,1
0.7,96,-2.94443897916644,0,0,0,197,0.5,0,1
0.7,96,-2.94443897916644,0,0,0,197,0.5,1,1
0.5,24,-2.94443897916644,1,0,0,61,1,0,1
0.7,48,-2.94443897916644,0,0,1,142,1,1,1
0.5,48,-2.94443897916644,0,0,1,87,1,0,1
0.9,96,-2.94443897916644,0,1,1,180,1,1,1
0.3,96,-2.94443897916644,0,1,1,148,1,0,1
0.7,48,-2.94443897916644,0,0,1,199,1,0,1
0.5,96,-2.94443897916644,0,0,1,23,1,0,1
0.7,96,-2.94443897916644,1,1,0,11,1,1,1
0.9,48,-2.94443897916644,1,0,0,186,1,0,1
0.9,96,-2.94443897916644,0,0,1,14,1,1,1
0.9,48,-2.94443897916644,1,1,1,87,1,1,1
0.5,24,-2.94443897916644,0,0,0,123,0.125,0,1
0.5,24,-2.94443897916644,0,0,0,123,0.125,0,1
0.5,24,-2.94443897916644,0,0,0,123,0.125,0,1
0.5,24,-2.94443897916644,0,0,0,123,0.125,0,1
0.5,24,-2.94443897916644,0,0,0,123,0.125,0,1
0.5,24,-2.94443897916644,0,0,0,123,0.125,1,1
0.5,24,-2.94443897916644,0,0,0,123,0.125,0,1
0.5,24,-2.94443897916644,0,0,0,123,0.125,0,1
0.5,48,-2.94443897916644,1,1,0,17,1,0,1
0.9,24,-2.94443897916644,1,0,0,51,1,1,1
0.7,12,-2.94443897916644,0,0,1,118,1,0,1
0.3,24,-2.94443897916644,1,0,1,124,1,0,1
0.5,48,-2.94443897916644,1,1,0,200,1,0,1
0.9,48,-2.94443897916644,0,1,1,87,1,1,1
0.3,12,-2.94443897916644,0,0,0,158,1,0,1
0.9,48,-2.94443897916644,1,1,0,131,0.333333333333333,1,1
0.9,48,-2.94443897916644,1,1,0,131,0.333333333333333,0,1
0.9,48,-2.94443897916644,1,1,0,131,0.333333333333333,0,1
0.7,24,-2.94443897916644,1,0,0,84,1,0,1
0.7,12,-2.94443897916644,0,0,0,142,1,0,1
0.9,48,-2.94443897916644,1,0,1,118,1,1,1
0.3,48,-2.94443897916644,1,1,1,137,1,0,1
0.7,24,-2.94443897916644,1,0,0,88,1,0,1
0.5,48,-2.94443897916644,1,0,1,93,1,0,1
0.9,12,-2.94443897916644,1,0,1,44,1,1,1
0.3,24,-2.94443897916644,0,0,1,100,1,0,1
0.5,96,-2.94443897916644,0,0,1,23,1,0,1
0.3,48,-2.94443897916644,1,1,0,200,0.5,0,1
0.3,48,-2.94443897916644,1,1,0,200,0.5,0,1
0.5,48,-2.94443897916644,0,0,1,148,1,0,1
0.3,96,-2.94443897916644,0,1,1,93,1,0,1
0.3,96,-2.94443897916644,0,0,1,152,1,0,1
0.3,96,-2.94443897916644,1,0,1,87,1,1,1
0.3,96,-2.94443897916644,0,0,0,197,1,0,1
0.7,24,-2.94443897916644,0,0,0,177,1,1,1
0.5,12,-2.94443897916644,0,0,1,137,1,0,1
0.3,24,-2.94443897916644,0,0,1,52,1,0,1
0.3,12,-2.94443897916644,1,0,1,157,1,0,1
0.9,48,-2.94443897916644,1,0,0,158,1,1,1
0.3,24,-2.94443897916644,0,0,0,17,1,0,1
0.9,48,-2.94443897916644,1,1,0,142,1,1,1
0.7,12,-2.94443897916644,1,0,1,200,1,0,1
0.9,96,-2.94443897916644,0,0,1,23,1,1,1
0.7,48,-2.94443897916644,1,0,0,167,1,0,1
0.9,96,-2.94443897916644,1,0,1,87,1,1,1
0.3,96,-2.94443897916644,0,0,1,14,1,0,1
0.3,12,-2.94443897916644,0,0,0,11,1,0,1
0.3,24,-2.94443897916644,0,0,1,126,1,0,1
0.3,12,-2.94443897916644,1,0,1,93,1,0,1
0.3,96,-2.94443897916644,0,0,1,199,1,0,1
0.5,48,-2.94443897916644,0,0,0,84,1,0,1
0.5,48,-2.94443897916644,1,0,1,124,1,0,1
0.9,12,-2.94443897916644,1,0,1,152,1,1,1
0.5,96,-2.94443897916644,0,0,0,17,1,0,1
0.3,96,-2.94443897916644,0,0,1,62,1,0,1
0.9,24,-2.94443897916644,1,0,0,53,1,1,1
0.3,24,-2.94443897916644,0,0,0,186,1,0,1
0.7,96,-2.94443897916644,1,1,0,142,1,1,1
0.3,12,-2.94443897916644,0,0,1,148,1,0,1
0.3,96,-2.94443897916644,0,0,1,131,0.25,0,1
0.3,96,-2.94443897916644,0,0,1,131,0.25,0,1
0.3,96,-2.94443897916644,0,0,1,131,0.25,0,1
0.3,96,-2.94443897916644,0,0,1,131,0.25,0,1
0.3,96,-2.94443897916644,1,1,0,88,1,1,1
0.5,96,-2.94443897916644,0,1,1,200,1,1,1
0.7,96,-2.94443897916644,1,1,1,43,1,1,1
0.5,96,-2.94443897916644,0,0,0,158,1,0,1
0.7,24,-2.94443897916644,1,0,1,197,0.5,1,1
0.7,24,-2.94443897916644,1,0,1,197,0.5,0,1
0.3,96,-2.94443897916644,1,0,1,152,1,0,1
0.3,96,-2.94443897916644,0,1,0,167,1,0,1
0.3,96,-2.94443897916644,0,1,1,23,1,0,1
0.5,48,-2.94443897916644,1,1,1,180,1,1,1
0.7,96,-2.94443897916644,1,0,0,123,0.2,0,1
0.7,96,-2.94443897916644,1,0,0,123,0.2,0,1
0.7,96,-2.94443897916644,1,0,0,123,0.2,0,1
0.7,96,-2.94443897916644,1,0,0,123,0.2,0,1
0.7,96,-2.94443897916644,1,0,0,123,0.2,0,1
0.7,12,-2.94443897916644,0,0,0,203,1,0,1
0.7,24,-2.94443897916644,0,0,1,137,1,1,1
0.7,12,-2.94443897916644,0,0,1,124,1,1,1
0.7,96,-2.94443897916644,0,0,1,126,1,1,1
0.9,96,-2.94443897916644,1,1,0,62,1,1,1
0.7,48,-2.94443897916644,0,1,0,11,1,1,1
0.5,24,-2.94443897916644,0,0,1,14,1,0,1
0.3,48,-2.94443897916644,1,0,1,200,1,0,1
0.5,24,-2.94443897916644,1,0,0,51,1,0,1
0.3,24,-2.94443897916644,0,0,0,142,1,0,1
0.3,48,-2.94443897916644,1,1,1,84,0.5,0,1
0.3,48,-2.94443897916644,1,1,1,84,0.5,0,1
0.9,12,-2.94443897916644,0,0,0,82,0.5,0,1
0.9,12,-2.94443897916644,0,0,0,82,0.5,0,1
0.5,96,-2.94443897916644,1,0,1,197,1,1,1
0.3,24,-2.94443897916644,1,0,1,44,1,0,1
0.7,48,-2.94443897916644,1,0,0,61,0.5,0,1
0.7,48,-2.94443897916644,1,0,0,61,0.5,1,1
0.5,48,-2.94443897916644,1,0,0,53,1,1,1
0.9,48,-2.94443897916644,0,0,1,200,1,1,1
0.9,12,-2.94443897916644,1,0,0,167,1,1,1
0.9,48,-2.94443897916644,0,0,0,166,1,0,1
0.7,96,-2.94443897916644,1,1,0,148,1,1,1
0.7,24,-2.94443897916644,0,0,1,142,1,1,1
0.3,12,-2.94443897916644,1,0,0,88,1,0,1
0.9,48,-2.94443897916644,1,0,1,200,1,1,1
0.7,24,-2.94443897916644,0,0,1,157,1,1,1
0.7,48,-2.94443897916644,0,0,0,41,0.5,1,1
0.7,48,-2.94443897916644,0,0,0,41,0.5,0,1
0.3,96,-2.94443897916644,1,0,1,84,1,0,1
0.3,12,-2.94443897916644,1,0,1,199,1,0,1
0.9,24,-2.94443897916644,1,0,1,100,1,1,1
0.5,96,-2.94443897916644,0,0,1,23,1,0,1
0.7,48,-2.94443897916644,1,0,0,51,1,1,1
0.3,48,-2.94443897916644,1,1,1,14,1,0,1
0.5,48,-2.94443897916644,0,1,0,186,1,0,1
0.3,96,-2.94443897916644,1,1,1,180,1,0,1
0.5,48,-2.94443897916644,1,0,1,166,1,1,1
0.9,96,-2.94443897916644,1,0,0,62,1,1,1
0.9,12,-2.94443897916644,0,0,1,124,1,0,1
0.7,96,-2.94443897916644,0,0,1,41,1,1,1
0.9,24,-2.94443897916644,0,0,1,14,1,1,1
0.5,96,-2.94443897916644,1,0,1,44,1,0,1
0.5,96,-2.94443897916644,1,0,1,43,1,1,1
0.7,96,-2.94443897916644,1,1,1,197,1,1,1
0.3,96,-2.94443897916644,0,0,0,123,0.2,0,1
0.3,96,-2.94443897916644,0,0,0,123,0.2,1,1
0.3,96,-2.94443897916644,0,0,0,123,0.2,0,1
0.3,96,-2.94443897916644,0,0,0,123,0.2,0,1
0.3,96,-2.94443897916644,0,0,0,123,0.2,0,1
0.5,96,-2.94443897916644,0,0,1,131,0.333333333333333,0,1
0.5,96,-2.94443897916644,0,0,1,131,0.333333333333333,1,1
0.5,96,-2.94443897916644,0,0,1,131,0.333333333333333,0,1
0.3,24,-2.94443897916644,0,0,0,51,1,0,1
0.7,48,-2.94443897916644,1,0,0,167,1,0,1
0.5,48,-2.94443897916644,0,0,1,100,1,0,1
0.7,48,-2.94443897916644,0,0,1,106,1,1,1
0.3,12,-2.94443897916644,0,0,1,157,1,0,1
0.9,12,-2.94443897916644,1,0,1,41,1,1,1
0.9,48,-2.94443897916644,0,0,1,124,1,0,1
0.5,96,-2.94443897916644,1,0,0,158,1,0,1
0.9,48,-2.94443897916644,1,1,0,51,1,1,1
0.3,96,-2.94443897916644,0,0,0,11,1,0,1
0.9,96,-2.94443897916644,0,1,1,166,1,1,1
0.5,48,-2.94443897916644,1,0,1,84,0.5,0,1
0.5,48,-2.94443897916644,1,0,1,84,0.5,0,1
0.9,96,-2.94443897916644,0,0,0,199,1,0,1
0.7,96,-2.94443897916644,1,1,0,177,1,0,1
0.9,96,-2.94443897916644,1,1,1,44,1,1,1
0.7,24,-2.94443897916644,0,0,1,109,1,1,1
0.9,24,-2.94443897916644,1,0,0,53,1,1,1
0.9,96,-2.94443897916644,0,0,0,88,0.25,0,1
0.9,96,-2.94443897916644,0,0,0,88,0.25,0,1
0.9,96,-2.94443897916644,0,0,0,88,0.25,0,1
0.9,96,-2.94443897916644,0,0,0,88,0.25,0,1
0.7,48,-2.94443897916644,0,1,0,52,1,0,1
0.7,96,-2.94443897916644,0,1,1,41,1,1,1
0.7,24,-2.94443897916644,1,0,1,148,1,0,1
0.7,48,-2.94443897916644,1,0,0,180,1,1,1
0.3,12,-2.94443897916644,0,0,0,152,1,0,1
0.9,96,-2.94443897916644,0,0,1,96,1,1,1
0.5,96,-2.94443897916644,0,0,1,207,1,0,1
0.5,24,-2.94443897916644,0,0,1,197,1,0,1
0.3,96,-2.94443897916644,1,0,1,51,1,1,1
0.3,48,-2.94443897916644,1,0,0,203,1,0,1
0.9,12,-2.94443897916644,0,0,1,177,1,1,1
0.3,48,-2.94443897916644,1,1,1,139,0.5,1,1
0.3,48,-2.94443897916644,1,1,1,139,0.5,0,1
0.5,24,-2.94443897916644,0,0,1,131,0.5,0,1
0.5,24,-2.94443897916644,0,0,1,131,0.5,1,1
0.9,48,-2.94443897916644,1,1,0,199,1,1,1
0.5,96,-2.94443897916644,1,0,1,166,1,1,1
0.5,48,-2.94443897916644,1,0,0,82,1,1,1
0.3,96,-2.94443897916644,0,1,1,115,1,1,1
0.7,96,-2.94443897916644,0,0,1,84,1,1,1
0.5,96,-2.94443897916644,0,0,1,41,1,1,1
0.7,48,-2.94443897916644,1,0,1,106,1,1,1
0.5,96,-2.94443897916644,0,0,0,88,1,0,1
0.7,96,-2.94443897916644,1,1,0,203,1,1,1
0.9,96,-2.94443897916644,0,1,0,186,1,0,1
0.9,96,-2.94443897916644,0,0,1,197,1,1,1
0.5,96,-2.94443897916644,0,0,0,62,1,0,1
0.5,96,-2.94443897916644,0,1,1,177,1,1,1
0.9,48,-2.94443897916644,1,1,1,84,1,1,1
0.5,12,-2.94443897916644,1,0,0,118,1,0,1
0.7,24,-2.94443897916644,0,0,1,51,1,1,1
0.9,48,-2.94443897916644,0,0,1,148,1,1,1
0.5,48,-2.94443897916644,0,1,0,53,1,1,1
0.5,48,-2.94443897916644,0,1,1,166,1,1,1
0.3,48,-2.94443897916644,0,1,1,109,1,0,1
0.7,12,-2.94443897916644,0,0,1,123,0.25,1,1
0.7,12,-2.94443897916644,0,0,1,123,0.25,0,1
0.7,12,-2.94443897916644,0,0,1,123,0.25,0,1
0.7,12,-2.94443897916644,0,0,1,123,0.25,0,1
0.3,12,-2.94443897916644,1,0,0,167,1,0,1
0.9,48,-2.94443897916644,0,1,0,157,1,1,1
0.9,96,-2.94443897916644,0,1,1,100,1,1,1
0.7,24,-2.94443897916644,1,0,0,203,1,0,1
0.7,12,-2.94443897916644,0,0,1,96,1,0,1
0.9,96,-2.94443897916644,1,0,1,109,1,1,1
0.9,24,-2.94443897916644,1,0,1,177,1,1,1
0.3,24,-2.94443897916644,1,0,1,131,0.333333333333333,0,1
0.3,24,-2.94443897916644,1,0,1,131,0.333333333333333,0,1
0.3,24,-2.94443897916644,1,0,1,131,0.333333333333333,0,1
0.9,96,-2.94443897916644,0,1,1,178,1,1,1
0.7,96,-2.94443897916644,1,0,1,166,1,1,1
0.9,24,-2.94443897916644,1,0,0,185,1,0,1
0.5,96,-2.94443897916644,0,0,1,41,1,0,1
0.9,12,-2.94443897916644,0,0,0,53,1,1,1
0.5,48,-2.94443897916644,0,1,1,51,1,1,1
0.5,96,-2.94443897916644,0,0,1,115,1,1,1
0.5,24,-2.94443897916644,0,0,0,180,1,0,1
0.7,48,-2.94443897916644,1,0,0,203,1,1,1
0.7,96,-2.94443897916644,0,1,1,177,1,1,1
0.7,96,-2.94443897916644,0,1,1,139,1,1,1
0.5,96,-2.94443897916644,1,0,1,106,0.5,1,1
0.5,96,-2.94443897916644,1,0,1,106,0.5,0,1
0.5,96,-2.94443897916644,0,0,1,115,1,1,1
0.7,12,-2.94443897916644,1,0,0,186,1,0,1
0.7,24,-2.94443897916644,0,0,1,100,1,0,1
0.7,48,-2.94443897916644,1,1,1,126,1,1,1
0.7,12,-2.94443897916644,0,0,1,123,0.25,0,1
0.7,12,-2.94443897916644,0,0,1,123,0.25,0,1
0.7,12,-2.94443897916644,0,0,1,123,0.25,0,1
0.7,12,-2.94443897916644,0,0,1,123,0.25,0,1
0.3,48,-2.94443897916644,1,0,1,51,1,0,1
0.5,12,-2.94443897916644,0,0,0,52,1,0,1
0.3,12,-2.94443897916644,1,0,0,82,1,0,1
0.9,24,-2.94443897916644,0,0,1,131,0.2,1,1
0.9,24,-2.94443897916644,0,0,1,131,0.2,0,1
0.9,24,-2.94443897916644,0,0,1,131,0.2,0,1
0.9,24,-2.94443897916644,0,0,1,131,0.2,0,1
0.9,24,-2.94443897916644,0,0,1,131,0.2,0,1
0.5,48,-2.94443897916644,1,0,0,199,1,0,1
0.7,24,-2.94443897916644,1,0,1,96,1,1,1
0.7,96,-2.94443897916644,0,1,1,106,1,1,1
0.5,48,-2.94443897916644,0,0,1,109,1,0,1
0.7,12,-2.94443897916644,0,0,1,51,1,1,1
0.3,24,-2.94443897916644,1,0,1,53,1,1,1
0.3,24,-2.94443897916644,1,0,1,43,1,0,1
0.7,96,-2.94443897916644,1,0,0,185,1,1,1
0.5,24,-2.94443897916644,1,0,1,177,1,1,1
0.7,48,-2.94443897916644,1,1,0,118,1,1,1
0.7,48,-2.94443897916644,1,0,0,44,1,1,1
0.9,24,-2.94443897916644,0,0,1,186,1,1,1
0.9,12,-2.94443897916644,1,0,1,109,1,1,1
0.3,96,-2.94443897916644,1,1,1,74,1,0,1
0.9,96,-2.94443897916644,0,0,1,96,1,1,1
0.3,48,-2.94443897916644,0,1,0,188,1,0,1
0.7,96,-2.94443897916644,1,1,1,53,1,1,1
0.3,96,-2.94443897916644,1,0,1,123,0.25,0,1
0.3,96,-2.94443897916644,1,0,1,123,0.25,0,1
0.3,96,-2.94443897916644,1,0,1,123,0.25,1,1
0.3,96,-2.94443897916644,1,0,1,123,0.25,0,1
0.7,48,-2.94443897916644,1,1,0,188,1,1,1
0.7,48,-2.94443897916644,1,1,0,207,1,1,1
0.3,12,-2.94443897916644,1,0,1,203,1,0,1
0.9,24,-2.94443897916644,0,0,1,178,1,1,1
0.7,24,-2.94443897916644,0,0,1,106,1,1,1
0.7,12,-2.94443897916644,0,0,1,96,1,0,1
0.3,48,-2.94443897916644,0,0,0,180,1,0,1
0.7,96,-2.94443897916644,1,0,0,82,1,1,1
0.3,12,-2.94443897916644,0,0,1,115,1,0,1
0.3,96,-2.94443897916644,0,0,1,43,1,0,1
0.5,48,-2.94443897916644,0,0,0,199,1,0,1
0.5,48,-2.94443897916644,1,0,0,52,1,1,1
0.9,48,-2.94443897916644,1,0,1,188,1,1,1
0.7,96,-2.94443897916644,1,0,1,186,1,1,1
0.3,24,-2.94443897916644,1,0,0,185,0.5,0,1
0.3,24,-2.94443897916644,1,0,0,185,0.5,0,1
0.5,96,-2.94443897916644,0,1,0,109,1,1,1
0.3,96,-2.94443897916644,0,0,1,139,1,0,1
0.3,12,-2.94443897916644,0,0,0,157,1,0,1
0.3,96,-2.94443897916644,1,1,0,44,1,0,1
0.7,96,-2.94443897916644,1,0,1,116,1,1,1
0.5,96,-2.94443897916644,0,1,1,188,1,0,1
0.3,96,-2.94443897916644,0,0,1,117,1,1,1
0.9,12,-2.94443897916644,0,0,1,203,1,0,1
0.9,96,-2.94443897916644,0,1,1,82,1,1,1
0.7,48,-2.94443897916644,0,1,1,43,1,1,1
0.5,96,-2.94443897916644,0,1,1,115,1,1,1
0.7,96,-2.94443897916644,0,1,0,62,1,0,1
0.9,96,-2.94443897916644,1,0,0,106,1,0,1
0.9,48,-2.94443897916644,0,0,0,96,1,0,1
0.9,96,-2.94443897916644,0,1,1,123,0.25,0,1
0.9,96,-2.94443897916644,0,1,1,123,0.25,1,1
0.9,96,-2.94443897916644,0,1,1,123,0.25,0,1
0.9,96,-2.94443897916644,0,1,1,123,0.25,0,1
0.3,96,-2.94443897916644,0,1,0,115,1,0,1
0.3,24,-2.94443897916644,1,0,1,203,1,0,1
0.5,48,-2.94443897916644,0,0,1,186,1,0,1
0.5,12,-2.94443897916644,0,0,0,199,1,0,1
0.7,48,-2.94443897916644,0,1,0,109,1,1,1
0.3,48,-2.94443897916644,0,0,1,53,1,1,1
0.3,96,-2.94443897916644,0,0,0,185,1,0,1
0.3,96,-2.94443897916644,0,1,1,74,1,0,1
0.5,24,-2.94443897916644,1,0,1,188,1,0,1
0.5,12,-2.94443897916644,0,0,0,118,1,0,1
0.5,12,-2.94443897916644,1,0,0,207,1,1,1
0.9,96,-2.94443897916644,1,0,0,115,1,1,1
0.3,48,-2.94443897916644,1,1,1,117,1,0,1
0.9,48,-2.94443897916644,1,0,0,185,1,1,1
0.5,96,-2.94443897916644,1,1,1,186,1,0,1
0.5,96,-2.94443897916644,1,0,1,203,1,1,1
0.7,48,-2.94443897916644,0,0,1,53,1,1,1
0.7,96,-2.94443897916644,1,0,1,188,1,1,1
0.3,96,-2.94443897916644,0,1,0,96,0.333333333333333,0,1
0.3,96,-2.94443897916644,0,1,0,96,0.333333333333333,0,1
0.3,96,-2.94443897916644,0,1,0,96,0.333333333333333,0,1
0.7,12,-2.94443897916644,1,0,0,43,0.5,0,1
0.7,12,-2.94443897916644,1,0,0,43,0.5,0,1
0.5,48,-2.94443897916644,0,0,0,106,1,0,1
0.3,48,-2.94443897916644,1,1,1,141,0.5,0,1
0.3,48,-2.94443897916644,1,1,1,141,0.5,0,1
0.9,48,-2.94443897916644,1,0,1,185,1,1,1
0.9,96,-2.94443897916644,0,0,0,109,1,0,1
0.5,12,-2.94443897916644,0,0,0,199,1,0,1
0.3,48,-2.94443897916644,1,1,1,123,0.25,0,1
0.3,48,-2.94443897916644,1,1,1,123,0.25,0,1
0.3,48,-2.94443897916644,1,1,1,123,0.25,0,1
0.3,48,-2.94443897916644,1,1,1,123,0.25,0,1
0.5,24,-2.94443897916644,0,0,1,82,1,0,1
0.7,12,-2.94443897916644,0,0,1,188,1,0,1
0.9,48,-2.94443897916644,0,1,0,115,1,1,1
0.9,24,-2.94443897916644,0,0,1,117,1,1,1
0.3,96,-2.94443897916644,1,1,1,203,1,0,1
0.3,48,-2.94443897916644,0,1,1,53,1,0,1
0.7,48,-2.94443897916644,1,0,0,96,1,0,1
0.7,12,-2.94443897916644,1,0,1,186,1,0,1
0.9,24,-2.94443897916644,1,0,0,106,1,1,1
0.5,96,-2.94443897916644,1,0,1,185,1,1,1
0.3,12,-2.94443897916644,1,0,0,62,0.5,0,1
0.3,12,-2.94443897916644,1,0,0,62,0.5,0,1
0.5,12,-2.94443897916644,0,0,0,157,1,0,1
0.5,12,-2.94443897916644,1,0,1,199,1,0,1
0.3,24,-2.94443897916644,1,0,1,116,0.5,0,1
0.3,24,-2.94443897916644,1,0,1,116,0.5,0,1
0.3,96,-2.94443897916644,0,0,0,180,1,0,1
0.3,96,-2.94443897916644,0,0,0,115,1,1,1
0.5,48,-2.94443897916644,1,0,1,178,1,0,1
0.7,12,-2.94443897916644,0,0,1,117,0.5,0,1
0.7,12,-2.94443897916644,0,0,1,117,0.5,0,1
0.9,12,-2.94443897916644,0,0,0,190,1,0,1
0.5,48,-2.94443897916644,1,0,1,74,1,1,1
0.7,48,-2.94443897916644,1,1,1,82,1,1,1
0.5,96,-2.94443897916644,0,0,0,109,1,0,1
0.9,48,-2.94443897916644,1,0,0,118,1,1,1
0.9,96,-2.94443897916644,0,0,1,117,1,1,1
0.7,96,-2.94443897916644,0,0,0,44,1,0,1
0.9,48,-2.94443897916644,0,0,0,207,1,0,1
0.7,24,-2.94443897916644,0,0,1,185,1,1,1
0.3,48,-2.94443897916644,1,1,0,106,1,0,1
0.9,96,-2.94443897916644,0,1,1,53,1,1,1
0.3,96,-2.94443897916644,1,0,1,116,1,1,1
0.7,96,-2.94443897916644,1,1,0,115,1,0,1
0.5,24,-2.94443897916644,0,0,1,82,1,0,1
0.5,12,-2.94443897916644,0,0,0,96,0.5,0,1
0.5,12,-2.94443897916644,0,0,0,96,0.5,0,1
0.7,96,-2.94443897916644,0,1,0,180,1,1,1
0.3,12,-2.94443897916644,0,0,1,139,1,0,1
0.7,24,-2.94443897916644,1,0,0,157,1,1,1
0.9,24,-2.94443897916644,0,0,1,74,1,1,1
0.3,96,-2.94443897916644,0,1,1,185,1,0,1
0.5,96,-2.94443897916644,0,1,0,118,1,1,1
0.5,48,-2.94443897916644,0,1,1,126,1,0,1
0.7,96,-2.94443897916644,1,0,0,190,1,1,1
0.5,48,-2.94443897916644,0,0,0,31,1,0,1
0.5,24,-2.94443897916644,0,0,0,109,1,0,1
0.3,96,-2.94443897916644,1,0,1,178,1,0,1
0.5,96,-2.94443897916644,1,1,1,116,1,1,1
0.5,48,-2.94443897916644,0,0,0,43,0.5,0,1
0.5,48,-2.94443897916644,0,0,0,43,0.5,1,1
0.9,24,-2.94443897916644,1,0,1,199,1,1,1
0.5,48,-2.94443897916644,1,0,1,185,1,0,1
0.5,48,-2.94443897916644,1,0,0,60,0.2,1,1
0.5,48,-2.94443897916644,1,0,0,60,0.2,0,1
0.5,48,-2.94443897916644,1,0,0,60,0.2,0,1
0.5,48,-2.94443897916644,1,0,0,60,0.2,0,1
0.5,48,-2.94443897916644,1,0,0,60,0.2,0,1
0.7,48,-2.94443897916644,1,1,0,96,0.5,0,1
0.7,48,-2.94443897916644,1,1,0,96,0.5,1,1
0.9,96,-2.94443897916644,0,1,0,190,1,0,1
0.9,96,-2.94443897916644,1,1,1,141,0.333333333333333,1,1
0.9,96,-2.94443897916644,1,1,1,141,0.333333333333333,0,1
0.9,96,-2.94443897916644,1,1,1,141,0.333333333333333,0,1
0.3,96,-2.94443897916644,0,1,0,207,1,0,1
0.7,96,-2.94443897916644,1,0,0,52,1,1,1
0.3,12,-2.94443897916644,1,0,1,139,1,0,1
0.7,96,-2.94443897916644,0,1,0,106,1,0,1
0.7,96,-2.94443897916644,1,1,0,190,1,1,1
0.5,12,-2.94443897916644,1,0,0,117,1,1,1
0.9,96,-2.94443897916644,0,1,0,118,1,1,1
0.5,24,-2.94443897916644,0,0,1,116,1,1,1
0.5,96,-2.94443897916644,0,0,1,82,0.5,1,1
0.5,96,-2.94443897916644,0,0,1,82,0.5,0,1
0.9,96,-2.94443897916644,0,1,0,52,1,0,1
0.5,48,-2.94443897916644,1,1,0,199,1,1,1
0.5,24,-2.94443897916644,1,0,0,31,0.5,1,1
0.5,24,-2.94443897916644,1,0,0,31,0.5,0,1
0.7,48,-2.94443897916644,0,0,0,44,1,0,1
0.9,48,-2.94443897916644,0,1,0,117,1,0,1
0.3,48,-2.94443897916644,0,0,0,60,1,0,1
0.3,12,-2.94443897916644,1,0,0,157,1,0,1
0.5,12,-2.94443897916644,1,0,0,43,1,1,1
0.3,12,-2.94443897916644,0,0,0,116,1,0,1
0.7,48,-2.94443897916644,1,1,0,199,1,1,1
0.5,96,-2.94443897916644,0,1,0,12,1,0,1
0.9,96,-2.94443897916644,1,1,0,31,1,1,1
0.5,96,-2.94443897916644,0,0,0,60,1,0,1
0.5,12,-2.94443897916644,0,0,0,117,1,0,1
0.5,96,-2.94443897916644,1,0,1,74,1,0,1
0.7,12,-2.94443897916644,1,0,1,141,0.5,1,1
0.7,12,-2.94443897916644,1,0,1,141,0.5,0,1
0.3,24,-2.94443897916644,1,0,1,63,1,0,1
0.5,48,-2.94443897916644,1,0,1,207,0.5,0,1
0.5,48,-2.94443897916644,1,0,1,207,0.5,1,1
0.7,96,-2.94443897916644,0,0,0,190,1,0,1
0.7,96,-2.94443897916644,0,0,0,117,1,0,1
0.5,96,-2.94443897916644,1,0,0,126,1,1,1
0.7,24,-2.94443897916644,1,0,0,60,1,1,1
0.9,96,-2.94443897916644,0,0,0,116,1,0,1
0.5,96,-2.94443897916644,1,1,0,77,1,0,1
0.3,12,-2.94443897916644,0,0,0,117,1,0,1
0.7,48,-2.94443897916644,0,0,1,63,1,1,1
0.3,48,-2.94443897916644,1,1,1,190,1,0,1
0.3,12,-2.94443897916644,1,0,0,43,1,0,1
0.5,48,-2.94443897916644,0,0,0,44,1,0,1
0.7,48,-2.94443897916644,1,1,0,31,1,0,1
0.9,96,-2.94443897916644,0,1,1,63,1,1,1
0.7,48,-2.94443897916644,1,1,0,74,1,1,1
0.7,48,-2.94443897916644,0,0,1,10,1,1,1
0.7,96,-2.94443897916644,0,0,0,12,1,0,1
0.5,96,-2.94443897916644,0,1,1,190,1,0,1
0.9,24,-2.94443897916644,0,0,0,139,1,0,1
0.9,24,-2.94443897916644,1,0,0,43,1,1,1
0.7,12,-2.94443897916644,0,0,0,77,1,0,1
0.5,96,-2.94443897916644,0,1,0,116,1,1,1
0.3,24,-2.94443897916644,0,0,1,207,1,0,1
0.5,12,-2.94443897916644,0,0,0,60,1,0,1
0.5,48,-2.94443897916644,0,0,1,63,0.5,0,1
0.5,48,-2.94443897916644,0,0,1,63,0.5,0,1
0.9,48,-2.94443897916644,1,0,1,190,1,1,1
0.7,48,-2.94443897916644,1,0,0,126,1,1,1
0.9,24,-2.94443897916644,1,0,0,74,1,1,1
0.9,48,-2.94443897916644,0,0,1,10,1,1,1
0.7,48,-2.94443897916644,0,1,0,77,0.5,0,1
0.7,48,-2.94443897916644,0,1,0,77,0.5,0,1
0.7,48,-2.94443897916644,1,1,1,141,1,1,1
0.5,96,-2.94443897916644,1,0,0,12,1,1,1
0.9,96,-2.94443897916644,1,1,1,190,1,1,1
0.3,12,-2.94443897916644,1,0,0,116,0.5,0,1
0.3,12,-2.94443897916644,1,0,0,116,0.5,0,1
0.3,48,-2.94443897916644,0,0,1,63,1,1,1
0.7,24,-2.94443897916644,1,0,0,139,1,0,1
0.7,12,-2.94443897916644,0,0,0,63,1,0,1
0.3,12,-2.94443897916644,1,0,1,10,1,0,1
0.3,48,-2.94443897916644,0,1,1,60,1,0,1
0.5,48,-2.94443897916644,0,1,0,116,1,1,1
0.7,48,-2.94443897916644,1,1,1,145,1,1,1
0.7,96,-2.94443897916644,1,0,0,126,1,1,1
0.5,96,-2.94443897916644,0,1,1,190,1,0,1
0.5,96,-2.94443897916644,0,0,1,207,1,0,1
0.5,96,-2.94443897916644,1,1,0,77,0.5,0,1
0.5,96,-2.94443897916644,1,1,0,77,0.5,0,1
0.7,48,-2.94443897916644,1,0,0,31,1,0,1
0.5,12,-2.94443897916644,0,0,1,10,1,0,1
0.9,24,-2.94443897916644,1,0,1,145,1,1,1
0.3,48,-2.94443897916644,0,0,0,12,1,0,1
0.5,96,-2.94443897916644,0,1,0,63,1,0,1
0.7,96,-2.94443897916644,0,1,1,207,1,1,1
0.9,96,-2.94443897916644,1,1,1,145,1,1,1
0.9,96,-2.94443897916644,1,1,1,145,1,1,1
0.7,24,-2.94443897916644,1,0,0,74,1,1,1
0.7,48,-2.94443897916644,1,0,1,178,1,1,1
0.7,24,-2.94443897916644,1,0,1,10,1,0,1
0.3,48,-2.94443897916644,1,0,1,60,1,0,1
0.9,24,-2.94443897916644,1,0,1,145,1,1,1
0.3,48,-2.94443897916644,1,0,0,141,0.5,0,1
0.3,48,-2.94443897916644,1,0,0,141,0.5,0,1
0.5,24,-2.94443897916644,0,0,1,31,1,1,1
0.5,48,-2.94443897916644,1,0,0,139,1,1,1
0.7,48,-2.94443897916644,0,0,0,63,1,0,1
0.9,24,-2.94443897916644,0,0,0,10,1,0,1
0.9,12,-2.94443897916644,0,0,0,145,1,0,1
0.3,48,-2.94443897916644,1,0,1,31,1,0,1
0.5,96,-2.94443897916644,1,1,0,126,1,0,1
0.5,48,-2.94443897916644,1,0,1,76,1,1,1
0.7,96,-2.94443897916644,0,1,1,31,1,1,1
0.5,12,-2.94443897916644,0,0,0,63,0.5,0,1
0.5,12,-2.94443897916644,0,0,0,63,0.5,0,1
0.3,48,-2.94443897916644,1,0,0,178,1,0,1
0.9,48,-2.94443897916644,1,0,0,10,1,1,1
0.9,12,-2.94443897916644,0,0,0,172,1,0,1
0.3,12,-2.94443897916644,1,0,0,145,1,0,1
0.9,48,-2.94443897916644,0,1,0,77,1,0,1
0.5,96,-2.94443897916644,1,0,0,141,1,1,1
0.3,96,-2.94443897916644,1,0,1,31,1,1,1
0.3,12,-2.94443897916644,0,0,1,207,1,0,1
0.5,48,-2.94443897916644,1,0,0,63,1,0,1
0.3,24,-2.94443897916644,1,0,0,178,1,0,1
0.7,96,-2.94443897916644,0,1,0,12,1,0,1
0.7,48,-2.94443897916644,0,1,1,31,1,1,1
0.9,96,-2.94443897916644,1,1,1,76,1,1,1
0.9,12,-2.94443897916644,0,0,0,145,1,0,1
0.5,24,-2.94443897916644,0,0,0,10,1,0,1
0.7,48,-2.94443897916644,0,0,1,77,1,1,1
0.3,48,-2.94443897916644,0,0,1,60,1,0,1
0.3,96,-2.94443897916644,1,1,1,12,1,0,1
0.5,12,-2.94443897916644,0,0,0,178,1,0,1
0.5,96,-2.94443897916644,1,0,0,145,1,0,1
0.9,24,-2.94443897916644,0,0,0,126,1,1,1
0.9,48,-2.94443897916644,0,0,1,60,1,1,1
0.9,12,-2.94443897916644,1,0,0,31,1,0,1
0.5,48,-2.94443897916644,1,0,0,141,1,1,1
0.3,24,-2.94443897916644,1,0,0,10,1,0,1
0.5,48,-2.94443897916644,1,1,1,77,1,0,1
0.5,96,-2.94443897916644,1,1,0,178,1,0,1
0.5,96,-2.94443897916644,1,1,0,172,1,0,1
0.9,12,-2.94443897916644,1,0,1,12,1,0,1
0.9,12,-2.94443897916644,0,0,0,145,1,0,1
0.9,96,-2.94443897916644,1,1,1,77,1,1,1
0.3,48,-2.94443897916644,0,1,0,74,1,0,1
0.7,24,-2.94443897916644,0,0,0,139,1,0,1
0.3,24,-2.94443897916644,1,0,0,10,0.5,0,1
0.3,24,-2.94443897916644,1,0,0,10,0.5,0,1
0.7,96,-2.94443897916644,1,1,0,141,1,1,1
0.9,48,-2.94443897916644,1,1,0,172,1,0,1
0.5,24,-2.94443897916644,0,0,0,178,1,0,1
0.3,96,-2.94443897916644,0,0,1,77,0.5,0,1
0.3,96,-2.94443897916644,0,0,1,77,0.5,1,1
0.7,24,-2.94443897916644,1,0,1,12,1,0,1
0.7,48,-2.94443897916644,0,0,1,12,1,1,1
0.7,96,-2.94443897916644,0,0,1,77,1,0,1
0.9,48,-2.94443897916644,0,1,0,172,1,1,1
0.3,48,-2.94443897916644,1,0,0,141,1,0,1
0.3,48,-2.94443897916644,1,1,1,77,1,0,1
0.5,24,-2.94443897916644,1,0,0,60,1,0,1
0.5,48,-2.94443897916644,0,0,0,31,1,0,1
0.9,48,-2.94443897916644,0,1,0,195,1,1,1
0.5,48,-2.94443897916644,0,1,0,74,1,0,1
0.7,48,-2.94443897916644,0,1,0,139,1,0,1
0.3,96,-2.94443897916644,0,0,1,31,1,0,1
0.7,24,-2.94443897916644,1,0,1,12,1,0,1
0.3,12,-2.94443897916644,0,0,0,31,1,0,1
0.9,12,-2.94443897916644,1,0,1,169,1,1,1
0.7,24,-2.94443897916644,0,0,0,172,1,0,1
0.7,48,-2.94443897916644,0,1,1,169,1,1,1
0.3,96,-2.94443897916644,1,1,0,31,1,0,1
0.9,96,-2.94443897916644,1,0,1,172,1,1,1
0.5,96,-2.94443897916644,0,1,0,154,1,0,1
0.7,96,-2.94443897916644,0,1,0,141,1,1,1
0.9,48,-2.94443897916644,0,0,1,125,1,1,1
0.5,96,-2.94443897916644,0,1,0,31,1,0,1
0.3,24,-2.94443897916644,1,0,1,172,1,1,1
0.7,24,-2.94443897916644,0,0,0,195,1,1,1
0.5,12,-2.94443897916644,0,0,1,169,1,0,1
0.3,96,-2.94443897916644,1,1,1,172,1,0,1
0.3,48,-2.94443897916644,0,0,0,31,1,0,1
0.5,48,-2.94443897916644,0,0,1,125,1,0,1
0.7,24,-2.94443897916644,0,0,0,90,1,1,1
0.7,96,-2.94443897916644,1,0,1,169,1,1,1
0.7,48,-2.94443897916644,0,1,0,31,1,1,1
0.7,48,-2.94443897916644,0,1,0,31,1,0,1
0.5,12,-2.94443897916644,1,0,1,125,1,0,1
0.7,48,-2.94443897916644,0,1,1,169,1,1,1
0.9,48,-2.94443897916644,0,0,1,125,1,1,1
0.5,12,-2.94443897916644,1,0,0,110,1,0,1
0.7,48,-2.94443897916644,1,1,0,195,1,0,1
0.7,96,-2.94443897916644,0,0,0,154,0.5,0,1
0.7,96,-2.94443897916644,0,0,0,154,0.5,0,1
0.3,48,-2.94443897916644,0,1,1,125,1,0,1
0.9,48,-2.94443897916644,0,1,0,31,1,1,1
0.5,96,-2.94443897916644,0,1,0,154,1,0,1
0.3,96,-2.94443897916644,0,1,0,169,1,0,1
0.5,12,-2.94443897916644,1,0,1,172,1,0,1
0.7,96,-2.94443897916644,1,0,0,125,1,1,1
0.3,12,-2.94443897916644,1,0,0,154,1,0,1
0.5,24,-2.94443897916644,1,0,0,110,1,0,1
0.7,96,-2.94443897916644,1,1,0,125,1,1,1
0.7,48,-2.94443897916644,0,0,1,172,1,1,1
0.3,12,-2.94443897916644,1,0,0,90,1,0,1
0.5,48,-2.94443897916644,0,1,0,154,1,0,1
0.3,48,-2.94443897916644,1,0,0,125,1,0,1
0.3,48,-2.94443897916644,1,0,0,169,1,0,1
0.5,12,-2.94443897916644,1,0,0,31,1,0,1
0.9,96,-2.94443897916644,1,1,0,125,1,1,1
0.5,48,-2.94443897916644,1,1,0,195,1,0,1
0.3,12,-2.94443897916644,0,0,0,110,1,0,1
0.3,24,-2.94443897916644,0,0,1,154,1,0,1
0.3,96,-2.94443897916644,1,1,0,86,1,0,1
0.9,48,-2.94443897916644,0,0,1,154,1,1,1
0.3,24,-2.94443897916644,1,0,0,125,1,0,1
0.9,12,-2.94443897916644,1,0,0,169,1,1,1
0.5,48,-2.94443897916644,0,0,1,154,0.5,1,1
0.5,48,-2.94443897916644,0,0,1,154,0.5,0,1
0.9,48,-2.94443897916644,1,1,0,110,1,1,1
0.9,12,-2.94443897916644,1,0,0,110,1,1,1
0.5,48,-2.94443897916644,0,0,0,90,1,1,1
0.7,24,-2.94443897916644,1,0,1,154,0.5,0,1
0.7,24,-2.94443897916644,1,0,1,154,0.5,1,1
0.3,48,-2.94443897916644,0,0,1,110,1,0,1
0.5,48,-2.94443897916644,1,1,0,86,1,1,1
0.9,96,-2.94443897916644,1,1,1,154,1,1,1
0.3,24,-2.94443897916644,0,0,0,169,1,1,1
0.7,12,-2.94443897916644,0,0,0,163,1,0,1
0.3,96,-2.94443897916644,1,1,1,110,1,0,1
0.9,96,-2.94443897916644,1,0,0,86,1,1,1
0.9,48,-2.94443897916644,0,0,1,70,1,1,1
0.7,96,-2.94443897916644,1,1,0,90,1,1,1
0.9,24,-2.94443897916644,0,0,1,110,1,1,1
0.7,12,-2.94443897916644,0,0,0,163,1,0,1
0.7,96,-2.94443897916644,0,1,0,169,0.5,0,1
0.7,96,-2.94443897916644,0,1,0,169,0.5,0,1
0.9,48,-2.94443897916644,0,1,1,110,1,1,1
0.3,48,-2.94443897916644,0,1,0,163,1,0,1
0.7,12,-2.94443897916644,0,0,1,110,1,0,1
0.9,96,-2.94443897916644,0,1,0,163,1,0,1
0.5,48,-2.94443897916644,0,0,0,86,1,0,1
0.7,24,-2.94443897916644,0,0,0,163,1,1,1
0.5,48,-2.94443897916644,1,1,0,169,1,0,1
0.3,12,-2.94443897916644,1,0,1,70,1,0,1
0.9,12,-2.94443897916644,0,0,1,163,1,0,1
0.7,96,-2.94443897916644,1,0,0,86,1,1,1
0.3,12,-2.94443897916644,0,0,1,169,1,0,1
0.7,12,-2.94443897916644,1,0,0,201,1,0,1
0.3,96,-2.94443897916644,1,1,1,163,1,0,1
0.3,48,-2.94443897916644,0,1,1,76,1,0,1
0.9,48,-2.94443897916644,0,1,1,70,1,1,1
0.5,48,-2.94443897916644,1,0,1,33,1,1,1
0.3,48,-2.94443897916644,1,0,0,90,1,0,1
0.5,24,-2.94443897916644,1,0,1,163,1,0,1
0.9,96,-2.94443897916644,0,0,1,169,1,1,1
0.9,24,-2.94443897916644,1,0,1,70,1,1,1
0.5,96,-2.94443897916644,0,0,1,163,1,0,1
0.9,24,-2.94443897916644,0,0,1,76,1,1,1
0.3,12,-2.94443897916644,1,0,1,86,1,0,1
0.9,96,-2.94443897916644,0,1,1,90,1,1,1
0.5,12,-2.94443897916644,1,0,1,163,1,0,1
0.3,24,-2.94443897916644,0,0,1,33,1,0,1
0.5,96,-2.94443897916644,0,0,1,76,1,0,1
0.9,24,-2.94443897916644,0,0,1,33,1,1,1
0.7,48,-2.94443897916644,1,1,1,64,1,0,1
0.5,96,-2.94443897916644,1,0,1,70,1,1,1
0.9,48,-2.94443897916644,0,0,1,90,1,1,1
0.7,12,-2.94443897916644,0,0,1,86,1,0,1
0.3,12,-2.94443897916644,1,0,0,195,1,0,1
0.3,12,-2.94443897916644,0,0,1,33,1,0,1
0.9,12,-2.94443897916644,1,0,1,86,1,1,1
0.9,48,-2.94443897916644,1,1,1,195,1,1,1
0.9,96,-2.94443897916644,1,1,1,33,1,1,1
0.7,48,-2.94443897916644,0,1,0,76,1,0,1
0.9,48,-2.94443897916644,0,0,1,195,1,1,1
0.7,12,-2.94443897916644,1,0,1,86,1,1,1
0.5,96,-2.94443897916644,1,0,0,33,1,1,1
0.9,96,-2.94443897916644,1,0,1,195,1,1,1
0.3,12,-2.94443897916644,1,0,1,90,1,0,1
0.7,96,-2.94443897916644,1,1,1,64,1,0,1
0.9,96,-2.94443897916644,0,1,1,86,1,1,1
0.5,48,-2.94443897916644,0,1,0,201,1,0,1
0.7,24,-2.94443897916644,1,0,0,33,1,1,1
0.3,96,-2.94443897916644,1,1,1,64,1,0,1
0.3,48,-2.94443897916644,0,1,1,195,1,0,1
0.3,48,-2.94443897916644,1,1,1,66,1,1,1
0.9,96,-2.94443897916644,0,1,0,76,1,0,1
0.5,96,-2.94443897916644,0,1,1,86,1,0,1
0.9,48,-2.94443897916644,1,0,0,33,1,1,1
0.7,48,-2.94443897916644,1,0,0,201,1,1,1
0.3,48,-2.94443897916644,1,1,1,195,1,0,1
0.3,48,-2.94443897916644,0,0,1,64,1,1,1
0.9,96,-2.94443897916644,1,1,1,80,1,1,1
0.5,96,-2.94443897916644,1,0,1,132,1,1,1
0.7,48,-2.94443897916644,0,1,1,90,1,1,1
0.3,48,-2.94443897916644,0,0,0,33,1,0,1
0.7,48,-2.94443897916644,0,1,1,66,1,1,1
0.7,96,-2.94443897916644,0,1,0,76,1,1,1
0.3,48,-2.94443897916644,1,1,1,66,1,0,1
0.7,12,-2.94443897916644,1,0,1,64,1,0,1
0.9,96,-2.94443897916644,1,0,0,70,1,1,1
0.3,96,-2.94443897916644,0,1,0,86,1,0,1
0.3,12,-2.94443897916644,1,0,1,90,1,0,1
0.7,48,-2.94443897916644,1,1,1,132,1,1,1
0.9,48,-2.94443897916644,1,0,0,76,1,1,1
0.7,12,-2.94443897916644,0,0,0,33,1,0,1
0.9,24,-2.94443897916644,0,0,1,66,1,0,1
0.5,48,-2.94443897916644,1,1,1,66,1,1,1
0.5,48,-2.94443897916644,1,1,1,132,1,0,1
0.9,96,-2.94443897916644,1,1,0,64,1,1,1
0.3,48,-2.94443897916644,0,0,1,132,1,0,1
0.9,48,-2.94443897916644,0,1,0,33,1,0,1
0.5,96,-2.94443897916644,1,0,0,66,1,1,1
0.3,96,-2.94443897916644,0,1,1,132,1,0,1
0.9,48,-2.94443897916644,1,0,0,64,1,1,1
0.3,12,-2.94443897916644,1,0,1,80,1,0,1
0.7,24,-2.94443897916644,0,0,0,132,1,0,1
0.3,96,-2.94443897916644,0,0,0,76,1,0,1
0.7,12,-2.94443897916644,1,0,0,66,1,0,1
0.7,48,-2.94443897916644,1,0,1,204,1,1,1
0.3,12,-2.94443897916644,1,0,1,90,1,0,1
0.9,12,-2.94443897916644,1,0,1,80,1,1,1
0.3,48,-2.94443897916644,0,1,0,132,1,0,1
0.5,96,-2.94443897916644,1,0,0,66,1,1,1
0.9,12,-2.94443897916644,0,0,1,80,1,1,1
0.9,48,-2.94443897916644,1,0,0,132,1,0,1
0.7,24,-2.94443897916644,0,0,0,66,1,0,1
0.7,96,-2.94443897916644,0,1,0,64,1,0,1
0.9,24,-2.94443897916644,0,0,0,70,1,0,1
0.7,48,-2.94443897916644,0,1,1,80,1,1,1
0.3,96,-2.94443897916644,1,0,1,204,1,0,1
0.3,12,-2.94443897916644,0,0,0,132,1,0,1
0.3,48,-2.94443897916644,0,0,0,66,1,0,1
0.9,96,-2.94443897916644,1,0,1,204,1,1,1
0.9,24,-2.94443897916644,0,0,0,175,1,0,1
0.7,24,-2.94443897916644,0,0,0,132,1,0,1
0.7,48,-2.94443897916644,0,1,1,174,1,0,1
0.3,96,-2.94443897916644,1,1,0,201,1,0,1
0.5,48,-2.94443897916644,0,1,1,204,1,1,1
0.5,48,-2.94443897916644,0,0,0,70,1,0,1
0.5,96,-2.94443897916644,0,0,0,64,1,0,1
0.9,96,-2.94443897916644,0,0,0,175,1,0,1
0.5,96,-2.94443897916644,1,1,1,204,1,1,1
0.7,96,-2.94443897916644,0,1,1,174,1,1,1
0.5,48,-2.94443897916644,0,1,0,175,1,0,1
0.3,12,-2.94443897916644,1,0,0,201,1,0,1
0.5,12,-2.94443897916644,0,0,0,80,0.333333333333333,0,1
0.5,12,-2.94443897916644,0,0,0,80,0.333333333333333,0,1
0.5,12,-2.94443897916644,0,0,0,80,0.333333333333333,0,1
0.9,12,-2.94443897916644,1,0,0,175,1,0,1
0.7,48,-2.94443897916644,1,1,0,70,1,0,1
0.3,48,-2.94443897916644,0,0,0,204,1,0,1
0.3,96,-2.94443897916644,0,1,1,174,1,0,1
0.7,24,-2.94443897916644,1,0,0,175,0.5,0,1
0.7,24,-2.94443897916644,1,0,0,175,0.5,1,1
0.7,48,-2.94443897916644,1,1,0,64,1,1,1
0.5,96,-2.94443897916644,1,0,0,70,1,1,1
0.5,96,-2.94443897916644,0,0,1,175,1,1,1
0.3,48,-2.94443897916644,1,0,0,204,1,0,1
0.3,96,-2.94443897916644,0,0,1,174,1,0,1
0.7,24,-2.94443897916644,0,0,1,201,1,0,1
0.5,48,-2.94443897916644,0,0,1,175,1,1,1
0.7,96,-2.94443897916644,1,0,1,175,1,0,1
0.5,12,-2.94443897916644,0,0,1,201,1,0,1
0.5,96,-2.94443897916644,0,1,1,174,1,0,1
0.3,24,-2.94443897916644,1,0,1,175,1,0,1
0.3,48,-2.94443897916644,1,1,0,204,1,0,1
0.5,48,-2.94443897916644,0,1,0,80,1,0,1
0.3,24,-2.94443897916644,1,0,1,201,1,0,1
0.7,48,-2.94443897916644,0,0,1,175,1,0,1
0.5,48,-2.94443897916644,0,0,0,174,1,0,1
0.9,96,-2.94443897916644,0,1,1,201,1,1,1
0.7,96,-2.94443897916644,1,1,0,13,1,1,1
0.9,96,-2.94443897916644,1,0,0,204,1,1,1
0.9,24,-2.94443897916644,0,0,1,201,1,1,1
0.3,48,-2.94443897916644,0,0,1,70,1,0,1
0.5,12,-2.94443897916644,1,0,0,174,1,1,1
0.5,96,-2.94443897916644,1,1,0,174,1,0,1
0.7,48,-2.94443897916644,0,0,1,92,1,1,1
0.5,48,-2.94443897916644,0,1,0,174,1,0,1
0.9,96,-2.94443897916644,0,0,0,204,1,0,1
0.9,96,-2.94443897916644,1,0,0,80,1,1,1
0.9,48,-2.94443897916644,1,0,0,174,1,0,1
0.3,96,-2.94443897916644,0,1,1,92,1,0,1
0.7,96,-2.94443897916644,1,1,1,92,1,1,1
0.7,48,-2.94443897916644,0,1,1,92,1,1,1
0.3,96,-2.94443897916644,1,1,1,92,1,0,1
0.5,48,-2.94443897916644,0,1,0,92,1,0,1
0.9,12,-2.94443897916644,1,0,0,34,1,1,1
0.5,48,-2.94443897916644,1,0,0,92,1,1,1
0.3,48,-2.94443897916644,1,1,0,34,1,0,1
0.7,96,-2.94443897916644,1,0,0,92,1,1,1
0.7,24,-2.94443897916644,1,0,0,34,1,1,1
0.7,24,-2.94443897916644,1,0,0,34,1,1,1
0.5,96,-2.94443897916644,0,1,0,34,1,0,1
0.5,48,-2.94443897916644,0,0,1,58,1,0,1
0.3,96,-2.94443897916644,1,1,1,104,1,0,1
0.3,96,-2.94443897916644,1,1,0,92,1,0,1
0.3,48,-2.94443897916644,0,0,1,34,1,1,1
0.7,24,-2.94443897916644,1,0,1,34,1,1,1
0.7,48,-2.94443897916644,0,0,1,39,1,1,1
0.9,12,-2.94443897916644,0,0,0,92,1,1,1
0.9,48,-2.94443897916644,0,0,0,156,0.5,0,1
0.9,48,-2.94443897916644,0,0,0,156,0.5,0,1
0.5,48,-2.94443897916644,1,0,1,58,1,1,1
0.7,24,-2.94443897916644,0,0,1,34,1,1,1
0.9,96,-2.94443897916644,1,1,1,104,1,1,1
0.9,96,-2.94443897916644,1,1,1,39,1,1,1
0.3,12,-2.94443897916644,0,0,1,34,1,0,1
0.5,12,-2.94443897916644,0,0,0,156,1,0,1
0.3,96,-2.94443897916644,1,1,1,104,1,0,1
0.9,96,-2.94443897916644,0,1,1,34,1,1,1
0.3,48,-2.94443897916644,1,1,0,13,1,0,1
0.9,96,-2.94443897916644,0,0,1,104,1,1,1
0.9,12,-2.94443897916644,1,0,1,39,1,1,1
0.3,96,-2.94443897916644,1,1,1,58,1,0,1
0.7,96,-2.94443897916644,1,1,0,156,1,0,1
0.9,96,-2.94443897916644,1,1,1,104,1,1,1
0.9,96,-2.94443897916644,1,0,0,156,1,1,1
0.7,96,-2.94443897916644,0,0,1,39,1,1,1
0.9,24,-2.94443897916644,0,0,0,156,1,1,1
0.9,24,-2.94443897916644,0,0,0,80,1,0,1
0.7,96,-2.94443897916644,1,1,0,104,1,1,1
0.3,12,-2.94443897916644,1,0,1,156,1,0,1
0.5,96,-2.94443897916644,1,0,1,156,1,0,1
0.3,96,-2.94443897916644,1,1,1,39,1,0,1
0.7,48,-2.94443897916644,1,0,1,156,1,1,1
0.3,24,-2.94443897916644,1,0,0,104,1,0,1
0.5,48,-2.94443897916644,0,1,0,104,1,1,1
0.5,48,-2.94443897916644,0,1,1,156,1,1,1
0.5,96,-2.94443897916644,0,1,0,13,1,1,1
0.9,48,-2.94443897916644,1,0,0,80,1,1,1
0.5,96,-2.94443897916644,1,0,0,39,1,1,1
0.3,96,-2.94443897916644,1,0,1,156,1,0,1
0.7,12,-2.94443897916644,1,0,0,104,1,0,1
0.9,12,-2.94443897916644,1,0,1,58,1,1,1
0.5,96,-2.94443897916644,1,1,0,50,1,1,1
0.9,12,-2.94443897916644,0,0,0,104,1,0,1
0.7,48,-2.94443897916644,0,0,1,18,1,1,1
0.7,96,-2.94443897916644,0,1,1,69,1,1,1
0.9,96,-2.94443897916644,1,1,1,140,1,1,1
0.7,96,-2.94443897916644,1,0,0,39,1,0,1
0.3,96,-2.94443897916644,0,1,0,50,1,0,1
0.5,96,-2.94443897916644,0,1,1,18,1,1,1
0.9,48,-2.94443897916644,0,0,1,58,1,1,1
0.7,12,-2.94443897916644,1,0,0,50,1,0,1
0.5,12,-2.94443897916644,1,0,1,140,1,0,1
0.9,96,-2.94443897916644,1,0,0,50,1,1,1
0.7,96,-2.94443897916644,1,1,1,69,1,1,1
0.3,96,-2.94443897916644,1,0,0,50,1,1,1
0.9,48,-2.94443897916644,0,0,1,50,1,1,1
0.3,48,-2.94443897916644,0,0,0,13,1,0,1
0.7,24,-2.94443897916644,0,0,0,39,1,0,1
0.3,96,-2.94443897916644,1,0,1,140,1,0,1
0.7,24,-2.94443897916644,1,0,1,50,1,1,1
0.3,24,-2.94443897916644,0,0,1,50,1,0,1
0.9,48,-2.94443897916644,1,0,1,50,1,1,1
0.7,48,-2.94443897916644,1,0,0,39,1,1,1
0.3,12,-2.94443897916644,1,0,1,140,1,0,1
0.9,24,-2.94443897916644,1,0,1,50,1,1,1
0.5,96,-2.94443897916644,1,0,1,69,1,1,1
0.9,12,-2.94443897916644,0,0,1,140,1,0,1
0.3,96,-2.94443897916644,1,0,1,69,1,0,1
0.7,48,-2.94443897916644,1,0,0,140,1,0,1
0.7,96,-2.94443897916644,0,0,0,140,1,0,1
0.3,48,-2.94443897916644,0,0,0,140,1,0,1
0.7,96,-2.94443897916644,0,1,0,13,1,1,1
0.7,48,-2.94443897916644,0,0,0,140,1,0,1
0.3,96,-2.94443897916644,0,1,1,69,1,0,1
0.9,24,-2.94443897916644,0,0,0,140,1,0,1
0.5,48,-2.94443897916644,0,0,0,58,1,0,1
0.9,24,-2.94443897916644,0,0,0,140,1,0,1
0.7,48,-2.94443897916644,0,0,0,69,1,1,1
0.7,96,-2.94443897916644,0,1,0,69,1,0,1
0.5,96,-2.94443897916644,0,0,0,49,1,0,1
0.5,48,-2.94443897916644,0,0,0,49,1,0,1
0.9,48,-2.94443897916644,1,1,0,69,1,0,1
0.9,96,-2.94443897916644,0,1,1,13,1,1,1
0.9,96,-2.94443897916644,0,1,0,49,1,0,1
0.9,24,-2.94443897916644,1,0,1,13,1,1,1
0.7,48,-2.94443897916644,1,1,0,69,1,1,1
0.3,24,-2.94443897916644,0,0,0,49,1,0,1
0.7,24,-2.94443897916644,1,0,0,49,1,1,1
0.5,96,-2.94443897916644,1,1,1,13,1,0,1
0.7,96,-2.94443897916644,0,1,1,49,1,1,1
0.3,12,-2.94443897916644,1,0,0,58,1,0,1
0.5,24,-2.94443897916644,1,0,1,49,1,0,1
0.7,48,-2.94443897916644,1,1,1,49,1,1,1
0.3,24,-2.94443897916644,1,0,1,49,1,0,1
0.3,96,-2.94443897916644,0,0,1,18,1,0,1
0.5,48,-2.94443897916644,1,0,1,13,1,1,1
0.9,48,-2.94443897916644,1,1,1,49,1,1,1
0.9,96,-2.94443897916644,0,0,1,13,1,1,1
0.7,96,-2.94443897916644,0,0,1,105,1,1,1
0.9,24,-2.94443897916644,0,0,0,58,1,1,1
0.5,96,-2.94443897916644,0,0,1,18,0.5,0,1
0.5,96,-2.94443897916644,0,0,1,18,0.5,0,1
0.7,12,-2.94443897916644,1,0,1,105,1,0,1
0.3,12,-2.94443897916644,0,0,1,18,0.5,0,1
0.3,12,-2.94443897916644,0,0,1,18,0.5,0,1
0.3,12,-2.94443897916644,1,0,1,105,1,0,1
0.5,48,-2.94443897916644,1,0,1,105,1,1,1
0.9,48,-2.94443897916644,0,0,1,105,1,1,1
0.5,24,-2.94443897916644,1,0,0,69,1,0,1
0.9,48,-2.94443897916644,1,1,0,107,1,1,1
0.5,96,-2.94443897916644,0,1,0,58,1,1,1
0.7,96,-2.94443897916644,0,0,0,105,1,0,1
0.5,96,-2.94443897916644,0,0,0,105,1,0,1
0.7,24,-2.94443897916644,1,0,0,58,1,1,1
0.5,96,-2.94443897916644,0,0,0,105,1,0,1
0.3,96,-2.94443897916644,1,1,0,105,1,0,1
0.9,24,-2.94443897916644,0,0,0,107,1,0,1
0.5,96,-2.94443897916644,1,0,0,105,1,0,1
0.3,48,-2.94443897916644,1,1,0,18,0.5,0,1
0.3,48,-2.94443897916644,1,1,0,18,0.5,0,1
0.5,48,-2.94443897916644,0,0,0,107,1,0,1
0.9,96,-2.94443897916644,0,0,0,107,1,0,1
0.7,12,-2.94443897916644,0,0,1,37,1,0,1
0.7,48,-2.94443897916644,0,0,0,107,1,0,1
0.3,96,-2.94443897916644,1,0,1,37,1,0,1
0.7,48,-2.94443897916644,1,1,1,37,1,0,1
0.3,24,-2.94443897916644,1,0,1,107,1,0,1
0.5,48,-2.94443897916644,0,1,1,37,1,1,1
0.5,48,-2.94443897916644,1,1,0,160,1,1,1
0.3,96,-2.94443897916644,0,0,1,37,1,0,1
0.5,48,-2.94443897916644,1,0,0,37,1,0,1
0.3,24,-2.94443897916644,0,0,1,107,1,0,1
0.3,48,-2.94443897916644,1,0,0,37,1,0,1
0.9,48,-2.94443897916644,0,0,0,37,1,0,1
0.7,96,-2.94443897916644,1,1,0,37,1,0,1
0.3,24,-2.94443897916644,0,0,1,107,1,0,1
0.9,96,-2.94443897916644,1,1,0,198,1,1,1
0.9,24,-2.94443897916644,0,0,0,37,1,0,1
0.3,12,-2.94443897916644,0,0,1,202,1,0,1
0.9,24,-2.94443897916644,1,0,0,198,0.5,1,1
0.9,24,-2.94443897916644,1,0,0,198,0.5,0,1
0.9,24,-2.94443897916644,0,0,0,160,1,0,1
0.3,24,-2.94443897916644,0,0,1,107,0.5,0,1
0.3,24,-2.94443897916644,0,0,1,107,0.5,0,1
0.9,12,-2.94443897916644,0,0,0,78,1,0,1
0.3,96,-2.94443897916644,1,0,1,202,1,0,1
0.5,24,-2.94443897916644,0,0,1,107,0.5,0,1
0.5,24,-2.94443897916644,0,0,1,107,0.5,0,1
0.9,96,-2.94443897916644,0,1,1,202,1,1,1
0.5,48,-2.94443897916644,1,1,1,202,1,0,1
0.7,12,-2.94443897916644,0,0,0,160,1,0,1
0.7,48,-2.94443897916644,1,1,1,202,1,1,1
0.9,12,-2.94443897916644,1,0,0,143,1,1,1
0.9,48,-2.94443897916644,0,0,0,202,1,0,1
0.5,96,-2.94443897916644,0,0,0,198,1,0,1
0.5,96,-2.94443897916644,1,0,0,202,1,0,1
0.3,12,-2.94443897916644,1,0,0,160,1,0,1
0.7,48,-2.94443897916644,0,1,0,143,1,1,1
0.9,96,-2.94443897916644,1,1,0,198,1,1,1
0.5,96,-2.94443897916644,1,1,0,202,1,0,1
0.5,96,-2.94443897916644,0,1,0,78,0.5,0,1
0.5,96,-2.94443897916644,0,1,0,78,0.5,0,1
0.7,24,-2.94443897916644,1,0,0,202,1,1,1
0.3,12,-2.94443897916644,0,0,0,143,1,0,1
0.9,48,-2.94443897916644,1,1,0,160,1,1,1
0.3,12,-2.94443897916644,1,0,0,202,1,0,1
0.7,12,-2.94443897916644,1,0,1,198,1,0,1
0.5,96,-2.94443897916644,0,0,0,143,0.5,0,1
0.5,96,-2.94443897916644,0,0,0,143,0.5,0,1
0.3,96,-2.94443897916644,1,1,1,198,1,0,1
0.7,12,-2.94443897916644,1,0,1,160,1,0,1
0.7,96,-2.94443897916644,0,1,0,143,1,1,1
0.5,96,-2.94443897916644,1,0,0,78,1,0,1
0.9,24,-2.94443897916644,1,0,1,143,1,1,1
0.3,96,-2.94443897916644,0,1,1,198,1,0,1
0.9,96,-2.94443897916644,0,1,1,143,1,1,1
0.9,96,-2.94443897916644,0,0,1,198,1,1,1
0.3,96,-2.94443897916644,0,1,1,36,1,0,1
0.9,48,-2.94443897916644,1,0,1,143,1,1,1
0.5,48,-2.94443897916644,1,1,1,198,1,1,1
0.9,48,-2.94443897916644,0,1,0,48,1,0,1
0.9,96,-2.94443897916644,1,1,1,198,1,1,1
0.3,96,-2.94443897916644,1,0,1,36,1,0,1
0.9,24,-2.94443897916644,0,0,1,198,1,0,1
0.3,48,-2.94443897916644,1,1,1,143,0.5,0,1
0.3,48,-2.94443897916644,1,1,1,143,0.5,0,1
0.5,96,-2.94443897916644,0,1,0,78,1,0,1
0.9,12,-2.94443897916644,1,0,1,143,1,1,1
0.7,96,-2.94443897916644,0,1,1,36,1,1,1
0.5,96,-2.94443897916644,1,0,1,198,1,1,1
0.3,48,-2.94443897916644,1,0,1,160,1,0,1
0.7,48,-2.94443897916644,1,1,1,36,1,1,1
0.3,12,-2.94443897916644,0,0,1,91,1,0,1
0.9,96,-2.94443897916644,1,0,0,48,1,1,1
0.9,48,-2.94443897916644,1,1,1,36,1,1,1
0.9,48,-2.94443897916644,0,1,0,198,1,1,1
0.3,24,-2.94443897916644,1,0,0,36,1,0,1
0.9,48,-2.94443897916644,0,1,1,198,1,1,1
0.7,96,-2.94443897916644,1,1,0,48,1,1,1
0.7,48,-2.94443897916644,1,1,0,36,1,0,1
0.5,48,-2.94443897916644,0,1,1,160,1,0,1
0.5,12,-2.94443897916644,0,0,0,36,1,0,1
0.5,12,-2.94443897916644,1,0,0,36,1,0,1
0.3,48,-2.94443897916644,0,0,0,198,1,0,1
0.9,48,-2.94443897916644,0,1,0,78,0.5,0,1
0.9,48,-2.94443897916644,0,1,0,78,0.5,1,1
0.9,12,-2.94443897916644,1,0,1,160,1,1,1
0.7,12,-2.94443897916644,1,0,0,36,1,0,1
0.7,24,-2.94443897916644,1,0,1,91,1,1,1
0.3,24,-2.94443897916644,1,0,0,48,1,0,1
0.5,48,-2.94443897916644,1,1,0,198,1,1,1
0.9,96,-2.94443897916644,0,0,1,160,1,1,1
0.3,96,-2.94443897916644,1,1,1,198,0.5,0,1
0.3,96,-2.94443897916644,1,1,1,198,0.5,0,1
0.9,96,-2.94443897916644,0,1,1,78,1,0,1
0.7,48,-2.94443897916644,0,0,0,48,1,0,1
0.9,96,-2.94443897916644,0,0,1,19,1,1,1
0.7,96,-2.94443897916644,1,0,1,48,1,1,1
0.5,96,-2.94443897916644,1,0,1,19,1,1,1
0.5,96,-2.94443897916644,0,1,1,91,0.5,0,1
0.5,96,-2.94443897916644,0,1,1,91,0.5,0,1
0.5,96,-2.94443897916644,0,0,1,48,1,0,1
0.5,96,-2.94443897916644,1,0,1,19,1,1,1
0.9,48,-2.94443897916644,1,1,1,78,1,0,1
0.5,48,-2.94443897916644,1,0,1,48,1,0,1
0.9,24,-2.94443897916644,0,0,1,91,1,0,1
0.7,48,-2.94443897916644,0,0,1,19,0.5,0,1
0.7,48,-2.94443897916644,0,0,1,19,0.5,1,1
0.3,48,-2.94443897916644,0,1,1,48,1,0,1
0.9,24,-2.94443897916644,1,0,1,19,1,1,1
0.7,48,-2.94443897916644,0,0,1,48,1,0,1
0.3,96,-2.94443897916644,1,0,0,85,1,0,1
0.3,48,-2.94443897916644,1,1,0,18,1,0,1
0.5,48,-2.94443897916644,0,1,0,85,1,0,1
0.7,24,-2.94443897916644,0,0,0,19,0.5,0,1
0.7,24,-2.94443897916644,0,0,0,19,0.5,0,1
0.9,96,-2.94443897916644,1,1,0,18,1,1,1
0.9,48,-2.94443897916644,1,0,0,85,1,0,1
0.7,48,-2.94443897916644,1,0,0,85,1,1,1
0.5,24,-2.94443897916644,0,0,0,85,1,0,1
0.3,96,-2.94443897916644,0,1,0,19,1,0,1
0.9,48,-2.94443897916644,0,1,1,78,1,0,1
0.5,48,-2.94443897916644,0,0,1,91,1,0,1
0.3,12,-2.94443897916644,0,0,0,18,1,0,1
0.7,48,-2.94443897916644,0,1,1,85,1,1,1
0.9,12,-2.94443897916644,1,0,1,85,1,1,1
0.7,48,-2.94443897916644,1,1,0,91,1,1,1
0.3,12,-2.94443897916644,1,0,0,19,0.333333333333333,0,1
0.3,12,-2.94443897916644,1,0,0,19,0.333333333333333,0,1
0.3,12,-2.94443897916644,1,0,0,19,0.333333333333333,0,1
0.9,12,-2.94443897916644,1,0,1,85,1,1,1
0.3,96,-2.94443897916644,1,1,0,19,1,0,1
0.3,96,-2.94443897916644,1,1,0,19,1,0,1
0.3,48,-2.94443897916644,1,1,1,78,1,0,1
0.5,96,-2.94443897916644,1,0,1,85,1,0,1
0.9,48,-2.94443897916644,0,0,1,85,1,1,1
0.5,24,-2.94443897916644,1,0,0,18,1,0,1
0.7,96,-2.94443897916644,0,0,1,85,1,1,1
0.5,48,-2.94443897916644,0,1,1,19,1,1,1
0.7,96,-2.94443897916644,1,1,0,171,1,0,1
0.3,24,-2.94443897916644,1,0,0,19,1,0,1
0.3,96,-2.94443897916644,0,1,1,78,1,1,1
0.3,96,-2.94443897916644,0,0,0,19,1,0,1
0.7,48,-2.94443897916644,0,1,0,171,1,0,1
0.7,12,-2.94443897916644,1,0,0,40,1,0,1
0.9,48,-2.94443897916644,1,0,0,40,1,0,1
0.3,96,-2.94443897916644,1,1,0,91,1,1,1
0.5,96,-2.94443897916644,0,1,0,40,1,0,1
0.7,48,-2.94443897916644,1,1,1,78,1,0,1
0.9,96,-2.94443897916644,1,0,0,40,1,0,1
0.9,24,-2.94443897916644,0,0,0,171,1,0,1
0.3,96,-2.94443897916644,1,0,0,40,1,0,1
0.3,96,-2.94443897916644,1,0,1,40,1,0,1
0.5,48,-2.94443897916644,0,1,1,40,1,0,1
0.5,96,-2.94443897916644,1,0,0,171,1,0,1
0.9,96,-2.94443897916644,0,0,1,40,1,1,1
0.3,12,-2.94443897916644,1,0,0,91,0.5,0,1
0.3,12,-2.94443897916644,1,0,0,91,0.5,0,1
0.7,48,-2.94443897916644,0,0,1,40,1,0,1
0.5,24,-2.94443897916644,1,0,1,40,1,0,1
0.9,48,-2.94443897916644,1,1,0,171,1,1,1
0.9,12,-2.94443897916644,0,0,0,91,1,0,1
0.3,96,-2.94443897916644,0,0,1,171,1,0,1
0.5,48,-2.94443897916644,0,1,1,91,1,0,1
0.5,12,-2.94443897916644,0,0,1,171,1,0,1
0.3,48,-2.94443897916644,0,0,1,171,1,0,1
0.9,24,-2.94443897916644,0,0,1,171,1,1,1
0.9,12,-2.94443897916644,0,0,1,171,1,1,1
0.7,24,-2.94443897916644,1,0,1,95,1,1,1
0.5,24,-2.94443897916644,0,0,1,95,1,0,1
0.5,24,-2.94443897916644,0,0,1,95,1,0,1
0.9,12,-2.94443897916644,1,0,1,95,0.5,0,1
0.9,12,-2.94443897916644,1,0,1,95,0.5,1,1
0.9,48,-2.94443897916644,1,1,1,95,1,1,1
0.5,48,-2.94443897916644,1,0,0,95,1,1,1
0.3,48,-2.94443897916644,0,0,0,95,1,0,1
0.3,48,-2.94443897916644,0,0,0,95,1,0,1
0.5,24,-2.94443897916644,0,0,0,95,1,0,1
0.3,96,-2.94443897916644,0,0,1,147,1,1,1
0.3,48,-2.94443897916644,0,0,1,147,1,0,1
0.7,48,-2.94443897916644,0,1,0,95,1,1,1
0.5,96,-2.94443897916644,0,1,1,147,1,0,1
0.7,96,-2.94443897916644,1,1,1,147,1,1,1
0.5,48,-2.94443897916644,1,1,1,147,1,1,1
0.9,12,-2.94443897916644,0,0,0,147,1,0,1
0.5,96,-2.94443897916644,1,1,0,147,1,0,1
0.5,24,-2.94443897916644,0,0,0,147,1,0,1
0.9,96,-2.94443897916644,1,1,0,147,1,1,1
0.7,24,-2.94443897916644,0,0,0,179,0.5,0,1
0.7,24,-2.94443897916644,0,0,0,179,0.5,0,1
0.9,96,-2.94443897916644,1,1,0,147,1,1,1
0.7,12,-2.94443897916644,0,0,1,170,1,0,1
0.7,48,-2.94443897916644,0,1,0,179,1,0,1
0.9,96,-2.94443897916644,0,1,0,179,1,0,1
0.5,48,-2.94443897916644,1,1,0,179,0.333333333333333,1,1
0.5,48,-2.94443897916644,1,1,0,179,0.333333333333333,0,1
0.5,48,-2.94443897916644,1,1,0,179,0.333333333333333,0,1
0.3,24,-2.94443897916644,0,0,1,170,1,0,1
0.5,96,-2.94443897916644,0,1,0,179,0.5,0,1
0.5,96,-2.94443897916644,0,1,0,179,0.5,0,1
0.3,24,-2.94443897916644,0,0,1,170,1,0,1
0.9,24,-2.94443897916644,1,0,1,179,1,1,1
0.7,96,-2.94443897916644,1,1,1,170,1,1,1
0.3,48,-2.94443897916644,1,0,1,179,1,0,1
0.9,96,-2.94443897916644,0,0,1,170,1,1,1
0.3,24,-2.94443897916644,0,0,1,179,1,0,1
0.5,48,-2.94443897916644,0,0,0,170,1,0,1
0.7,48,-2.94443897916644,0,1,1,179,1,1,1
0.3,96,-2.94443897916644,1,1,1,179,1,0,1
0.7,24,-2.94443897916644,1,0,0,170,1,1,1
0.9,96,-2.94443897916644,0,0,0,170,1,0,1
0.3,48,-2.94443897916644,1,1,0,170,1,0,1
0.9,12,-2.94443897916644,0,0,0,170,1,0,1
0.9,12,-2.94443897916644,0,0,1,4,1,1,1
0.5,12,-2.94443897916644,1,0,1,4,1,1,1
0.7,12,-2.94443897916644,1,0,1,4,1,0,1
0.9,48,-2.94443897916644,0,0,0,159,1,0,1
0.7,96,-2.94443897916644,1,0,1,4,1,1,1
0.3,48,-2.94443897916644,1,1,1,4,1,0,1
0.7,12,-2.94443897916644,0,0,0,159,1,0,1
0.7,48,-2.94443897916644,1,0,0,4,1,0,1
0.9,96,-2.94443897916644,1,0,0,4,1,1,1
0.5,24,-2.94443897916644,1,0,1,47,1,0,1
0.3,96,-2.94443897916644,1,0,0,4,1,1,1
0.9,48,-2.94443897916644,0,0,0,159,1,0,1
0.7,48,-2.94443897916644,1,0,0,4,1,1,1
0.9,48,-2.94443897916644,0,1,0,159,1,0,1
0.7,48,-2.94443897916644,0,0,1,30,1,1,1
0.9,24,-2.94443897916644,0,0,0,4,1,0,1
0.3,96,-2.94443897916644,1,0,1,47,1,0,1
0.9,96,-2.94443897916644,0,1,0,159,1,0,1
0.3,12,-2.94443897916644,0,0,1,30,1,0,1
0.3,48,-2.94443897916644,0,0,0,155,1,0,1
0.5,96,-2.94443897916644,1,0,1,30,1,0,1
0.3,24,-2.94443897916644,0,0,1,47,1,0,1
0.7,12,-2.94443897916644,0,0,1,30,1,0,1
0.3,96,-2.94443897916644,0,1,1,159,1,0,1
0.9,96,-2.94443897916644,1,1,1,47,1,1,1
0.9,48,-2.94443897916644,1,1,1,30,1,1,1
0.7,24,-2.94443897916644,1,0,1,47,1,0,1
0.5,12,-2.94443897916644,1,0,0,30,1,0,1
0.5,96,-2.94443897916644,1,0,0,47,1,0,1
0.3,48,-2.94443897916644,0,1,1,159,1,0,1
0.9,12,-2.94443897916644,1,0,0,30,1,0,1
0.9,96,-2.94443897916644,0,0,0,47,1,0,1
0.3,96,-2.94443897916644,0,1,0,30,0.5,0,1
0.3,96,-2.94443897916644,0,1,0,30,0.5,0,1
0.3,96,-2.94443897916644,0,0,1,159,1,0,1
0.7,48,-2.94443897916644,0,0,0,47,1,0,1
0.3,24,-2.94443897916644,1,0,0,30,1,0,1
0.9,12,-2.94443897916644,0,0,0,30,1,0,1
0.9,12,-2.94443897916644,0,0,0,30,1,0,1
0.9,48,-2.94443897916644,1,1,0,47,1,0,1
0.3,48,-2.94443897916644,0,1,0,47,1,0,1
0.5,48,-2.94443897916644,1,1,1,6,1,0,1
0.7,96,-2.94443897916644,1,0,0,155,1,1,1
0.5,24,-2.94443897916644,1,0,1,159,1,1,1
0.3,48,-2.94443897916644,0,0,1,6,1,0,1
0.5,96,-2.94443897916644,0,0,1,159,1,0,1
0.5,24,-2.94443897916644,0,0,0,45,1,0,1
0.9,24,-2.94443897916644,1,0,1,6,1,1,1
0.5,48,-2.94443897916644,0,1,1,6,1,1,1
0.3,96,-2.94443897916644,0,1,0,45,1,0,1
0.3,96,-2.94443897916644,1,0,0,6,1,0,1
0.7,96,-2.94443897916644,0,0,0,6,1,0,1
0.5,48,-2.94443897916644,0,1,0,45,1,0,1
0.9,48,-2.94443897916644,1,1,0,6,1,0,1
0.5,12,-2.94443897916644,1,0,1,57,1,0,1
0.3,48,-2.94443897916644,1,1,0,45,1,0,1
0.3,48,-2.94443897916644,1,0,0,155,1,0,1
0.3,96,-2.94443897916644,1,1,0,6,1,0,1
0.7,96,-2.94443897916644,0,0,0,45,1,0,1
0.9,12,-2.94443897916644,1,0,0,6,1,0,1
0.3,12,-2.94443897916644,1,0,1,45,1,0,1
0.7,48,-2.94443897916644,1,1,1,57,1,1,1
0.9,12,-2.94443897916644,1,0,0,129,1,1,1
0.7,24,-2.94443897916644,0,0,1,45,1,1,1
0.7,48,-2.94443897916644,0,0,1,57,1,1,1
0.3,12,-2.94443897916644,1,0,0,6,1,0,1
0.9,24,-2.94443897916644,0,0,1,45,1,1,1
0.9,48,-2.94443897916644,1,0,0,129,1,1,1
0.9,48,-2.94443897916644,1,1,1,57,1,1,1
0.9,96,-2.94443897916644,1,0,1,45,1,1,1
0.5,48,-2.94443897916644,0,1,1,45,1,0,1
0.9,96,-2.94443897916644,1,1,0,129,1,1,1
0.3,48,-2.94443897916644,0,0,1,57,1,0,1
0.7,48,-2.94443897916644,0,1,0,129,1,0,1
0.9,48,-2.94443897916644,0,0,0,155,1,0,1
0.9,96,-2.94443897916644,0,0,0,129,1,0,1
0.5,96,-2.94443897916644,0,0,1,129,1,1,1
0.5,96,-2.94443897916644,0,1,1,81,1,0,1
0.5,48,-2.94443897916644,0,0,1,129,1,0,1
0.9,96,-2.94443897916644,0,0,0,57,0.5,0,1
0.9,96,-2.94443897916644,0,0,0,57,0.5,0,1
0.3,12,-2.94443897916644,0,0,0,155,1,0,1
0.3,48,-2.94443897916644,0,0,1,25,1,0,1
0.5,96,-2.94443897916644,1,0,1,129,1,1,1
0.3,96,-2.94443897916644,1,1,1,129,1,0,1
0.7,48,-2.94443897916644,1,1,1,155,1,1,1
0.9,48,-2.94443897916644,0,1,0,57,1,1,1
0.7,96,-2.94443897916644,0,1,1,81,1,1,1
0.7,24,-2.94443897916644,1,0,1,25,1,0,1
0.5,12,-2.94443897916644,0,0,1,129,1,0,1
0.5,96,-2.94443897916644,0,1,1,155,1,1,1
0.3,96,-2.94443897916644,0,1,0,129,1,0,1
0.3,96,-2.94443897916644,1,0,0,57,1,1,1
0.3,48,-2.94443897916644,0,0,1,25,1,0,1
0.3,96,-2.94443897916644,0,1,1,81,1,0,1
0.7,48,-2.94443897916644,0,0,1,155,1,1,1
0.3,48,-2.94443897916644,0,1,0,57,1,0,1
0.5,12,-2.94443897916644,0,0,1,155,1,0,1
0.9,12,-2.94443897916644,0,0,1,81,1,1,1
0.7,24,-2.94443897916644,0,0,1,81,1,0,1
0.3,12,-2.94443897916644,1,0,1,155,1,0,1
0.7,24,-2.94443897916644,0,0,0,57,1,1,1
0.5,24,-2.94443897916644,0,0,0,81,1,0,1
0.3,24,-2.94443897916644,1,0,1,25,1,0,1
0.5,24,-2.94443897916644,1,0,0,24,1,0,1
0.5,96,-2.94443897916644,1,0,0,81,1,0,1
0.9,96,-2.94443897916644,0,1,1,25,1,1,1
0.9,48,-2.94443897916644,1,0,1,79,1,1,1
0.9,24,-2.94443897916644,1,0,0,81,1,1,1
0.9,48,-2.94443897916644,1,1,0,24,1,0,1
0.3,48,-2.94443897916644,0,0,0,25,1,0,1
0.9,48,-2.94443897916644,0,1,0,81,1,1,1
0.7,96,-2.94443897916644,0,1,1,79,1,1,1
0.9,12,-2.94443897916644,1,0,0,25,1,0,1
0.7,24,-2.94443897916644,0,0,0,24,1,0,1
0.3,96,-2.94443897916644,0,1,0,81,0.5,0,1
0.3,96,-2.94443897916644,0,1,0,81,0.5,0,1
0.3,96,-2.94443897916644,1,0,1,79,1,1,1
0.5,12,-2.94443897916644,1,0,0,25,1,0,1
0.3,96,-2.94443897916644,1,0,1,79,1,1,1
0.3,12,-2.94443897916644,0,0,1,79,1,0,1
0.7,48,-2.94443897916644,1,0,0,81,1,1,1
0.3,48,-2.94443897916644,0,0,0,24,1,0,1
0.9,96,-2.94443897916644,0,1,0,25,1,0,1
0.5,48,-2.94443897916644,0,1,0,25,1,0,1
0.7,48,-2.94443897916644,0,0,0,24,1,1,1
0.5,96,-2.94443897916644,1,1,1,81,1,1,1
0.5,48,-2.94443897916644,0,1,0,79,1,0,1
0.5,96,-2.94443897916644,1,0,1,81,1,1,1
0.5,24,-2.94443897916644,1,0,1,24,1,0,1
0.3,96,-2.94443897916644,0,1,1,24,1,0,1
0.7,12,-2.94443897916644,1,0,0,79,1,0,1
0.5,48,-2.94443897916644,0,1,1,24,1,0,1
0.5,48,-2.94443897916644,0,1,1,81,1,0,1
0.9,12,-2.94443897916644,1,0,0,79,1,1,1
0.9,12,-2.94443897916644,0,0,1,24,1,1,1
0.7,12,-2.94443897916644,0,0,1,81,1,0,1
0.3,48,-2.94443897916644,1,0,1,24,1,0,1
0.5,48,-2.94443897916644,1,0,1,81,1,1,1
0.5,24,-2.94443897916644,1,0,1,81,1,0,1
0.9,96,-2.94443897916644,1,0,1,81,1,0,1
0.9,24,-2.94443897916644,0,0,0,79,1,1,1
0.3,96,-2.94443897916644,0,0,0,81,1,0,1
0.9,96,-2.94443897916644,1,1,0,81,1,0,1
0.3,24,-2.94443897916644,1,0,0,79,1,0,1
0.5,12,-2.94443897916644,1,0,1,38,1,0,1
0.9,48,-2.94443897916644,1,0,0,81,1,1,1
0.5,96,-2.94443897916644,0,0,0,81,0.5,0,1
0.5,96,-2.94443897916644,0,0,0,81,0.5,0,1
0.9,24,-2.94443897916644,0,0,1,81,1,1,1
0.9,12,-2.94443897916644,0,0,1,38,1,0,1
0.9,24,-2.94443897916644,1,0,0,81,1,0,1
0.7,48,-2.94443897916644,0,1,1,38,1,0,1
0.5,12,-2.94443897916644,0,0,1,38,1,0,1
0.5,48,-2.94443897916644,1,0,1,81,1,0,1
0.3,96,-2.94443897916644,0,0,1,38,1,0,1
0.7,12,-2.94443897916644,0,0,1,81,1,0,1
0.5,96,-2.94443897916644,1,1,1,81,1,1,1
0.5,48,-2.94443897916644,0,1,0,38,1,0,1
0.9,12,-2.94443897916644,1,0,1,81,1,1,1
0.5,24,-2.94443897916644,1,0,0,38,1,1,1
0.3,96,-2.94443897916644,1,0,1,81,1,0,1
0.9,96,-2.94443897916644,0,1,0,81,1,1,1
0.3,48,-2.94443897916644,1,0,0,38,1,1,1
0.7,48,-2.94443897916644,0,0,0,38,1,0,1
0.5,48,-2.94443897916644,0,0,0,81,1,0,1
0.3,12,-2.94443897916644,1,0,0,81,1,1,1
0.3,12,-2.94443897916644,0,0,0,38,1,0,1
0.9,12,-2.94443897916644,1,0,0,81,0.5,0,1
0.9,12,-2.94443897916644,1,0,0,81,0.5,0,1
0.3,48,-2.94443897916644,1,1,0,81,1,1,1
0.7,48,-2.94443897916644,0,0,0,81,1,0,1
0.9,48,-2.94443897916644,0,0,1,81,1,1,1
0.7,96,-2.94443897916644,0,1,1,81,1,1,1
0.3,48,-2.94443897916644,1,0,1,81,1,0,1
0.3,96,-2.94443897916644,1,1,1,81,1,0,1
0.5,48,-2.94443897916644,0,0,1,81,1,1,1
0.7,48,-2.94443897916644,1,1,0,81,1,1,1
0.9,24,-2.94443897916644,1,0,0,81,1,1,1
0.9,48,-2.94443897916644,1,0,0,81,1,1,1
0.5,96,-2.94443897916644,1,1,0,71,1,1,1
0.9,24,-2.94443897916644,0,0,0,81,1,0,1
0.7,48,-2.94443897916644,1,1,0,81,1,1,1
0.5,48,-2.94443897916644,1,1,0,71,1,0,1
0.7,96,-2.94443897916644,1,1,0,71,1,1,1
0.5,96,-2.94443897916644,0,0,0,71,1,0,1
0.3,48,-2.94443897916644,0,1,0,71,1,0,1
0.9,96,-2.94443897916644,0,0,1,71,1,1,1
0.7,48,-2.94443897916644,1,0,1,71,1,1,1
0.9,96,-2.94443897916644,1,0,1,16,1,1,1
0.3,48,-2.94443897916644,0,1,1,71,1,0,1
0.7,48,-2.94443897916644,1,0,1,71,1,1,1
0.7,48,-2.94443897916644,0,0,1,16,1,1,1
0.7,96,-2.94443897916644,0,1,1,71,1,1,1
0.5,96,-2.94443897916644,0,1,1,16,1,1,1
0.3,96,-2.94443897916644,1,0,1,16,1,1,1
0.9,96,-2.94443897916644,1,0,1,16,1,1,1
0.5,96,-2.94443897916644,1,1,0,16,1,1,1
0.5,96,-2.94443897916644,1,0,0,16,1,0,1
0.3,48,-2.94443897916644,0,0,0,16,1,1,1
0.7,96,-2.94443897916644,0,1,0,16,1,1,1
0.5,96,-2.94443897916644,0,0,0,16,1,0,1
0.7,24,-2.94443897916644,1,0,0,136,1,0,1
0.9,12,-2.94443897916644,1,0,0,136,1,1,1
0.5,96,-2.94443897916644,0,0,0,136,1,0,1
0.3,48,-2.94443897916644,0,0,0,136,1,1,1
0.3,96,-2.94443897916644,0,0,0,136,1,0,1
0.5,48,-2.94443897916644,1,1,1,136,1,0,1
0.3,48,-2.94443897916644,1,1,1,136,1,0,1
0.5,96,-2.94443897916644,1,1,1,39,1,0,1
0.5,48,-2.94443897916644,0,1,1,136,1,1,1
0.9,24,-2.94443897916644,1,0,1,136,1,1,1
0.7,48,-2.94443897916644,1,0,1,39,1,1,1
0.7,96,-2.94443897916644,1,0,1,136,1,1,1
0.9,12,-2.94443897916644,1,0,1,39,1,1,1
0.7,96,-2.94443897916644,1,0,1,39,1,1,1
0.3,12,-2.94443897916644,0,0,1,39,1,0,1
0.9,48,-2.94443897916644,0,0,0,39,1,0,1
0.5,24,-2.94443897916644,0,0,1,2,1,0,1
0.3,48,-2.94443897916644,1,0,0,39,1,0,1
0.9,96,-2.94443897916644,1,0,0,39,1,1,1
0.3,24,-2.94443897916644,0,0,0,39,1,0,1
0.3,96,-2.94443897916644,0,1,1,2,1,0,1
0.7,96,-2.94443897916644,0,1,1,2,1,1,1
0.7,48,-2.94443897916644,0,1,1,2,1,1,1
0.5,48,-2.94443897916644,1,0,1,2,1,1,1
0.5,12,-2.94443897916644,0,0,0,39,1,0,1
0.9,96,-2.94443897916644,1,0,0,2,1,1,1
0.5,48,-2.94443897916644,1,0,0,2,1,1,1
0.9,48,-2.94443897916644,1,1,0,2,1,1,1
0.3,48,-2.94443897916644,0,0,0,2,1,0,1
0.3,96,-2.94443897916644,1,1,0,2,1,1,1
0.3,12,-2.94443897916644,1,0,1,120,1,0,1
0.7,48,-2.94443897916644,1,0,1,120,1,1,1
0.5,96,-2.94443897916644,0,1,1,120,1,0,1
0.3,96,-2.94443897916644,0,1,1,120,1,0,1
0.9,96,-2.94443897916644,1,0,1,120,1,1,1
0.3,12,-2.94443897916644,1,0,0,120,1,0,1
0.7,96,-2.94443897916644,0,0,0,120,1,0,1
0.5,96,-2.94443897916644,1,0,0,120,1,0,1
0.3,12,-2.94443897916644,0,0,0,120,1,0,1
0.9,12,-2.94443897916644,1,0,0,120,1,1,1
0.5,48,-2.94443897916644,1,1,1,5,1,0,1
0.7,24,-2.94443897916644,1,0,1,5,1,0,1
0.5,96,-2.94443897916644,0,0,1,5,1,0,1
0.5,12,-2.94443897916644,0,0,1,5,1,0,1
0.3,48,-2.94443897916644,0,0,1,5,1,0,1
0.3,12,-2.94443897916644,1,0,0,5,1,0,1
0.5,96,-2.94443897916644,0,1,0,5,1,0,1
0.5,48,-2.94443897916644,0,1,0,5,1,0,1
0.9,96,-2.94443897916644,0,0,0,5,0.5,0,1
0.9,96,-2.94443897916644,0,0,0,5,0.5,0,1
0.5,96,-2.94443897916644,1,0,0,5,1,0,1
0.9,96,-2.94443897916644,1,1,1,5,1,1,1
0.7,24,-2.94443897916644,1,0,0,192,1,1,1
0.7,12,-2.94443897916644,0,0,0,192,1,0,1
0.3,12,-2.94443897916644,0,0,0,192,1,0,1
0.7,12,-2.94443897916644,0,0,0,192,1,0,1
0.5,12,-2.94443897916644,1,0,0,192,1,0,1
0.7,12,-2.94443897916644,0,0,1,192,1,0,1
0.5,48,-2.94443897916644,0,1,1,192,1,0,1
0.9,12,-2.94443897916644,0,0,1,192,1,0,1
0.3,24,-2.94443897916644,1,0,1,192,1,1,1
0.9,24,-2.94443897916644,0,0,1,192,1,1,1
0.3,24,-2.94443897916644,1,0,1,192,1,0,1
0.5,96,-2.94443897916644,0,1,1,15,1,0,1
0.9,96,-2.94443897916644,0,1,1,15,1,1,1
0.9,96,-2.94443897916644,1,0,1,15,1,1,1
0.3,24,-2.94443897916644,0,0,1,15,1,0,1
0.7,12,-2.94443897916644,1,0,1,15,1,0,1
0.9,48,-2.94443897916644,0,1,0,15,1,1,1
0.5,12,-2.94443897916644,0,0,0,15,1,1,1
0.3,48,-2.94443897916644,0,0,0,15,1,0,1
0.9,48,-2.94443897916644,1,0,0,15,1,1,1
0.5,96,-2.94443897916644,1,0,0,15,1,0,1
0.3,48,-2.94443897916644,1,1,0,56,1,0,1
0.3,48,-2.94443897916644,0,1,0,56,1,0,1
0.7,48,-2.94443897916644,0,0,0,56,1,0,1
0.5,96,-2.94443897916644,1,0,0,56,1,0,1
0.5,48,-2.94443897916644,0,0,0,56,1,0,1
0.3,12,-2.94443897916644,1,0,1,56,1,0,1
0.7,48,-2.94443897916644,1,0,1,56,1,1,1
0.9,48,-2.94443897916644,1,0,1,56,1,1,1
0.7,48,-2.94443897916644,0,1,1,56,1,1,1
0.5,96,-2.94443897916644,0,1,1,56,1,1,1
0.3,96,-2.94443897916644,0,1,1,146,1,1,1
0.5,96,-2.94443897916644,0,0,1,146,1,0,1
0.9,12,-2.94443897916644,1,0,1,146,1,1,1
0.7,12,-2.94443897916644,1,0,1,146,1,0,1
0.3,48,-2.94443897916644,1,0,1,146,1,0,1
0.5,48,-2.94443897916644,1,0,0,146,1,1,1
0.5,96,-2.94443897916644,1,1,0,146,0.5,0,1
0.5,96,-2.94443897916644,1,1,0,146,0.5,0,1
0.3,48,-2.94443897916644,1,0,0,146,1,0,1
0.5,96,-2.94443897916644,1,0,0,146,1,0,1
0.5,96,-2.94443897916644,1,1,0,146,1,1,1
0.7,48,-2.94443897916644,1,0,0,97,1,1,1
0.9,96,-2.94443897916644,0,1,0,97,1,0,1
0.3,12,-2.94443897916644,0,0,0,97,1,0,1
0.9,48,-2.94443897916644,0,0,0,97,1,0,1
0.7,48,-2.94443897916644,1,0,0,97,1,1,1
0.5,48,-2.94443897916644,0,0,1,97,1,0,1
0.7,48,-2.94443897916644,0,1,1,97,1,1,1
0.3,24,-2.94443897916644,1,0,1,97,1,0,1
0.3,48,-2.94443897916644,0,0,1,97,1,0,1
0.5,24,-2.94443897916644,0,0,1,97,1,0,1
