"rabs","n","alpha","rsgn","smoothed","design","subj_id","weights","correct","log_time"
0.7,48,-2.94443897916644,1,1,0,1,1,0,3.332204519
0.5,96,-2.94443897916644,1,1,0,1,1,0,3.465735901
0.7,48,-2.94443897916644,1,1,0,1,1,1,3.526360518
0.3,96,-2.94443897916644,1,1,0,1,1,0,3.25809653
0.3,96,-2.94443897916644,0,0,0,1,1,0,3.637586162
0.9,48,-2.94443897916644,0,0,1,1,1,1,2.484906621
0.9,48,-2.94443897916644,0,0,1,1,1,1,3.828641398
0.3,96,-2.94443897916644,0,1,1,1,1,0,3.465735901
0.5,48,-2.94443897916644,0,0,1,1,1,0,2.995732287
0.3,12,-2.94443897916644,0,0,1,1,1,0,2.833213319
0.5,48,-2.94443897916644,1,1,1,2,1,0,2.944438981
0.7,24,-2.94443897916644,1,0,1,2,1,0,3.401197385
0.5,96,-2.94443897916644,0,0,1,2,1,0,2.77258872
0.5,12,-2.94443897916644,0,0,1,2,1,0,3.25809653
0.3,48,-2.94443897916644,0,0,1,2,1,0,3.178053828
0.3,12,-2.94443897916644,1,0,0,2,1,0,2.397895278
0.5,96,-2.94443897916644,0,1,0,2,1,0,2.484906674
0.5,48,-2.94443897916644,0,1,0,2,1,0,2.833213356
0.9,96,-2.94443897916644,0,0,0,2,0.5,0,3.332204519
0.9,96,-2.94443897916644,0,0,0,2,0.5,0,3.332204519
0.5,96,-2.94443897916644,1,0,0,2,1,0,2.708050183
0.5,48,-2.94443897916644,0,0,1,7,1,0,4.369447848
0.5,48,-2.94443897916644,1,0,1,7,1,1,4.127134386
0.3,96,-2.94443897916644,1,1,1,7,1,0,4.317488113
0.9,12,-2.94443897916644,1,0,1,7,1,1,5.056245807
0.9,48,-2.94443897916644,0,0,1,7,1,1,3.332204519
0.5,48,-2.94443897916644,0,0,0,7,1,0,5.451038455
0.3,12,-2.94443897916644,1,0,0,7,1,0,5.488937726
0.9,24,-2.94443897916644,0,0,0,7,1,1,4.204692619
0.5,96,-2.94443897916644,0,1,0,7,1,1,3.951243723
0.7,24,-2.94443897916644,1,0,0,7,1,1,3.850147608
0.9,96,-2.94443897916644,1,1,1,8,1,1,2.56494935
0.3,12,-2.94443897916644,1,0,1,8,1,0,4.663439097
0.9,12,-2.94443897916644,1,0,1,8,1,1,2.639057339
0.9,12,-2.94443897916644,0,0,1,8,1,1,2.56494935
0.7,48,-2.94443897916644,0,1,1,8,1,1,2.484906621
0.5,12,-2.94443897916644,0,0,0,8,0.333333333333333,0,4.418840614
0.5,12,-2.94443897916644,0,0,0,8,0.333333333333333,0,4.418840614
0.5,12,-2.94443897916644,0,0,0,8,0.333333333333333,0,4.418840614
0.5,48,-2.94443897916644,0,1,0,8,1,0,4.553876894
0.9,96,-2.94443897916644,1,0,0,8,1,1,4.465908114
0.9,24,-2.94443897916644,0,0,0,8,1,0,6.126869185
0.9,48,-2.94443897916644,1,0,0,8,1,1,4.234106511
0.7,12,-2.94443897916644,0,0,0,10,1,0,2.708050225
0.3,48,-2.94443897916644,1,0,0,10,1,0,4.143134721
0.7,96,-2.94443897916644,1,1,0,10,1,1,2.397895221
0.7,24,-2.94443897916644,1,0,0,10,1,0,2.833213319
0.7,48,-2.94443897916644,1,0,0,10,1,1,2.397895278
0.3,12,-2.94443897916644,1,0,1,10,1,0,3.71357207
0.9,12,-2.94443897916644,0,0,1,10,1,0,2.995732256
0.3,24,-2.94443897916644,1,0,1,10,1,0,2.639057294
0.5,96,-2.94443897916644,1,0,1,10,1,1,2.890371747
0.3,96,-2.94443897916644,1,1,1,10,1,0,2.833213319
0.9,48,-2.94443897916644,0,1,0,11,1,1,4.615120514
0.9,12,-2.94443897916644,0,0,0,11,0.5,0,4.442651254
0.9,12,-2.94443897916644,0,0,0,11,0.5,0,4.442651254
0.5,48,-2.94443897916644,1,0,0,11,1,1,4.262679881
0.3,12,-2.94443897916644,1,0,0,11,1,0,3.912023
0.7,96,-2.94443897916644,1,0,0,11,1,1,3.555348062
0.9,96,-2.94443897916644,0,1,1,11,1,1,2.833213356
0.5,24,-2.94443897916644,0,0,1,11,1,0,3.850147595
0.7,48,-2.94443897916644,1,1,1,11,1,1,3.433987195
0.5,24,-2.94443897916644,0,0,1,11,1,0,3.044522432
0.5,96,-2.94443897916644,0,0,1,11,0.5,1,4.219507699
0.5,96,-2.94443897916644,0,0,1,11,0.5,0,4.219507699
0.3,96,-2.94443897916644,1,1,0,12,1,0,3.433987195
0.5,48,-2.94443897916644,1,1,0,12,1,1,3.761200115
0.9,96,-2.94443897916644,1,0,0,12,1,1,2.77258872
0.5,48,-2.94443897916644,0,0,0,12,1,0,4.00733319
0.7,96,-2.94443897916644,1,0,0,12,1,1,3.555348062
0.3,12,-2.94443897916644,1,0,1,12,1,0,3.871201022
0.7,12,-2.94443897916644,0,0,1,12,1,0,3.71357207
0.9,12,-2.94443897916644,1,0,1,12,1,1,2.708050225
0.7,12,-2.94443897916644,1,0,1,12,1,1,3.295836867
0.9,96,-2.94443897916644,0,1,1,12,1,1,3.218875832
0.3,12,-2.94443897916644,0,0,1,13,1,0,4.454347296
0.7,24,-2.94443897916644,1,0,1,13,1,1,4.060443017
0.5,96,-2.94443897916644,0,1,1,13,0.5,0,4.605170187
0.5,96,-2.94443897916644,0,1,1,13,0.5,0,4.605170187
0.9,24,-2.94443897916644,0,0,1,13,1,0,3.295836867
0.5,48,-2.94443897916644,0,0,1,13,1,0,4.844187087
0.7,48,-2.94443897916644,1,1,0,13,1,1,2.890371747
0.3,96,-2.94443897916644,1,1,0,13,1,1,4.812184354
0.3,12,-2.94443897916644,1,0,0,13,0.5,0,4.510859512
0.3,12,-2.94443897916644,1,0,0,13,0.5,0,4.510859512
0.9,12,-2.94443897916644,0,0,0,13,1,0,3.828641398
0.5,48,-2.94443897916644,0,1,1,13,1,0,3.401197385
0.5,12,-2.94443897916644,1,0,0,14,0.5,1,3.737669628
0.5,12,-2.94443897916644,1,0,0,14,0.5,0,3.737669628
0.5,96,-2.94443897916644,0,0,0,14,1,0,4.430816801
0.5,96,-2.94443897916644,0,1,0,14,1,1,4.430816801
0.7,96,-2.94443897916644,0,0,0,14,0.5,0,4.53259949
0.7,96,-2.94443897916644,0,0,0,14,0.5,1,4.53259949
0.3,96,-2.94443897916644,0,0,0,14,1,0,3.688879452
0.7,24,-2.94443897916644,1,0,1,14,0.5,1,3.401197385
0.7,24,-2.94443897916644,1,0,1,14,0.5,0,3.401197385
0.5,96,-2.94443897916644,1,0,1,14,1,1,2.708050183
0.7,96,-2.94443897916644,1,1,1,14,1,1,3.135494204
0.5,24,-2.94443897916644,0,0,1,14,1,0,3.295836867
0.9,96,-2.94443897916644,0,0,1,14,1,1,2.56494935
0.7,96,-2.94443897916644,1,0,1,15,1,1,3.828641398
0.9,48,-2.94443897916644,1,1,1,15,1,1,2.890371747
0.7,48,-2.94443897916644,0,0,1,15,1,1,3.871201009
0.7,48,-2.94443897916644,0,1,1,15,1,1,3.135494231
0.3,96,-2.94443897916644,1,0,1,15,1,0,3.496507548
0.5,96,-2.94443897916644,0,0,0,15,1,0,3.71357207
0.5,48,-2.94443897916644,1,0,0,15,1,0,3.496507548
0.9,48,-2.94443897916644,1,0,0,15,1,0,3.871201009
0.9,24,-2.94443897916644,0,0,0,15,1,0,2.56494935
0.5,96,-2.94443897916644,0,1,0,15,1,0,3.218875832
0.5,48,-2.94443897916644,1,0,1,17,1,0,6.778784898
0.7,12,-2.94443897916644,0,0,1,17,1,0,2.564949397
0.5,96,-2.94443897916644,1,1,1,17,1,1,2.397895278
0.9,12,-2.94443897916644,1,0,1,17,1,1,1.945910113
0.3,96,-2.94443897916644,1,0,1,17,1,0,3.295836867
0.9,96,-2.94443897916644,0,1,0,17,1,1,2.197224532
0.5,48,-2.94443897916644,0,0,0,17,1,0,3.784189639
0.3,12,-2.94443897916644,1,0,0,17,1,1,3.218875832
0.9,12,-2.94443897916644,1,0,0,17,0.5,0,3.401197385
0.9,12,-2.94443897916644,1,0,0,17,0.5,0,3.401197385
0.3,48,-2.94443897916644,1,1,0,17,1,1,2.484906621
0.9,48,-2.94443897916644,0,1,0,18,1,1,3.610917909
0.3,48,-2.94443897916644,1,0,0,18,1,0,3.663561638
0.5,96,-2.94443897916644,1,1,0,18,1,1,3.828641398
0.7,96,-2.94443897916644,1,1,0,18,1,1,2.302585075
0.7,48,-2.94443897916644,1,0,0,18,1,0,4.007333179
0.5,96,-2.94443897916644,0,0,1,18,1,1,3.526360536
0.5,12,-2.94443897916644,0,0,1,18,1,0,3.912023013
0.3,48,-2.94443897916644,1,1,1,18,1,0,3.688879452
0.5,12,-2.94443897916644,0,0,1,18,1,0,2.708050183
0.7,24,-2.94443897916644,0,0,1,18,1,1,3.526360536
0.9,24,-2.94443897916644,1,0,0,19,1,1,2.484906674
0.5,24,-2.94443897916644,1,0,0,19,1,0,4.04305127
0.7,48,-2.94443897916644,1,0,0,19,1,1,2.77258872
0.3,24,-2.94443897916644,0,0,0,19,1,0,3.044522432
0.9,48,-2.94443897916644,1,1,0,19,1,1,2.302585075
0.3,96,-2.94443897916644,1,0,1,19,1,1,2.708050183
0.7,24,-2.94443897916644,0,0,1,19,1,1,2.944438981
0.5,48,-2.94443897916644,0,1,1,19,1,1,2.890371747
0.3,48,-2.94443897916644,1,0,1,19,1,0,2.397895278
0.7,12,-2.94443897916644,0,0,1,19,1,1,2.484906621
0.9,12,-2.94443897916644,0,0,0,20,1,0,4.672828834
0.5,96,-2.94443897916644,0,1,0,20,0.5,0,5.247024074
0.5,96,-2.94443897916644,0,1,0,20,0.5,0,5.247024074
0.5,96,-2.94443897916644,1,0,0,20,1,0,4.73619845
0.5,96,-2.94443897916644,0,1,0,20,1,0,4.73619845
0.9,48,-2.94443897916644,0,1,0,20,0.5,0,4.043051259
0.9,48,-2.94443897916644,0,1,0,20,0.5,1,4.043051259
0.9,96,-2.94443897916644,0,1,1,20,1,0,4.418840607
0.9,48,-2.94443897916644,1,1,1,20,1,0,4.060443017
0.9,48,-2.94443897916644,0,1,1,20,1,0,4.454347296
0.3,48,-2.94443897916644,1,1,1,20,1,0,3.988984047
0.3,96,-2.94443897916644,0,1,1,20,1,1,4.454347296
0.9,96,-2.94443897916644,0,0,1,21,1,1,2.397895278
0.5,96,-2.94443897916644,1,0,1,21,1,1,2.56494935
0.5,96,-2.94443897916644,1,0,1,21,1,1,2.708050183
0.7,48,-2.94443897916644,0,0,1,21,0.5,0,3.091042458
0.7,48,-2.94443897916644,0,0,1,21,0.5,1,3.091042458
0.9,24,-2.94443897916644,1,0,1,21,1,1,3.09104243
0.7,24,-2.94443897916644,0,0,0,21,0.5,0,4.304065098
0.7,24,-2.94443897916644,0,0,0,21,0.5,0,4.304065098
0.3,96,-2.94443897916644,0,1,0,21,1,0,3.367295825
0.3,12,-2.94443897916644,1,0,0,21,0.333333333333333,0,3.178053855
0.3,12,-2.94443897916644,1,0,0,21,0.333333333333333,0,3.178053855
0.3,12,-2.94443897916644,1,0,0,21,0.333333333333333,0,3.178053855
0.3,96,-2.94443897916644,1,1,0,21,1,0,3.295836867
0.3,96,-2.94443897916644,1,1,0,21,1,0,3.332204519
0.7,96,-2.94443897916644,0,0,1,23,1,1,2.484906621
0.7,12,-2.94443897916644,1,0,1,23,1,0,2.944438981
0.3,12,-2.94443897916644,1,0,1,23,1,0,2.564949397
0.5,48,-2.94443897916644,1,0,1,23,1,1,2.07944154
0.9,48,-2.94443897916644,0,0,1,23,1,1,1.791759493
0.7,96,-2.94443897916644,0,0,0,23,1,0,2.890371747
0.5,96,-2.94443897916644,0,0,0,23,1,0,1.791759493
0.5,96,-2.94443897916644,0,0,0,23,1,0,3.135494231
0.3,96,-2.94443897916644,1,1,0,23,1,0,2.639057339
0.5,96,-2.94443897916644,1,0,0,23,1,0,2.302585075
0.5,48,-2.94443897916644,1,1,0,24,1,0,4.304065089
0.3,48,-2.94443897916644,0,1,0,24,1,0,3.97029191
0.9,12,-2.94443897916644,1,0,0,24,1,1,2.890371782
0.3,48,-2.94443897916644,0,1,0,24,1,0,2.833213319
0.7,48,-2.94443897916644,1,1,0,24,1,1,2.197224602
0.9,48,-2.94443897916644,1,0,1,24,1,1,2.197224602
0.5,96,-2.94443897916644,0,1,1,24,1,0,2.397895278
0.5,24,-2.94443897916644,1,0,1,24,1,0,3.295836867
0.7,96,-2.94443897916644,1,0,1,24,1,1,2.07944154
0.7,12,-2.94443897916644,0,0,1,24,1,0,2.302585138
0.9,48,-2.94443897916644,0,0,0,25,1,0,3.496507548
0.7,24,-2.94443897916644,1,0,0,25,1,0,2.944438981
0.5,96,-2.94443897916644,0,1,0,25,0.5,0,3.332204519
0.5,96,-2.94443897916644,0,1,0,25,0.5,1,3.332204519
0.5,48,-2.94443897916644,1,1,0,25,1,0,3.465735901
0.3,48,-2.94443897916644,1,1,0,25,0.5,0,2.484906674
0.3,48,-2.94443897916644,1,1,0,25,0.5,0,2.484906674
0.7,12,-2.94443897916644,1,0,1,25,1,0,2.77258872
0.5,96,-2.94443897916644,0,1,1,25,1,1,2.77258872
0.3,48,-2.94443897916644,1,0,1,25,1,0,2.708050225
0.9,48,-2.94443897916644,0,0,1,25,1,1,1.791759493
0.9,48,-2.94443897916644,1,0,1,25,1,1,1.791759389
0.7,48,-2.94443897916644,0,1,1,29,1,0,3.761200115
0.7,96,-2.94443897916644,0,1,1,29,1,1,2.397895278
0.3,96,-2.94443897916644,0,1,1,29,1,0,3.258096554
0.3,96,-2.94443897916644,0,0,1,29,1,0,3.25809653
0.5,96,-2.94443897916644,0,1,1,29,1,0,3.044522432
0.5,48,-2.94443897916644,0,0,0,29,1,0,3.332204519
0.5,12,-2.94443897916644,1,0,0,29,1,1,3.465735901
0.5,96,-2.94443897916644,1,1,0,29,1,0,2.639057339
0.5,48,-2.94443897916644,0,1,0,29,1,0,2.639057339
0.9,48,-2.94443897916644,1,0,0,29,1,0,3.367295825
0.7,96,-2.94443897916644,1,1,1,31,1,1,3.71357207
0.5,96,-2.94443897916644,1,0,1,31,1,1,3.367295825
0.3,24,-2.94443897916644,1,0,1,31,1,0,4.595119849
0.3,96,-2.94443897916644,0,0,1,31,1,0,3.044522432
0.7,48,-2.94443897916644,0,1,1,31,1,1,2.639057339
0.7,12,-2.94443897916644,1,0,0,31,0.5,0,3.688879452
0.7,12,-2.94443897916644,1,0,0,31,0.5,0,3.688879452
0.5,48,-2.94443897916644,0,0,0,31,0.5,0,4.406719243
0.5,48,-2.94443897916644,0,0,0,31,0.5,1,4.406719243
0.5,12,-2.94443897916644,1,0,0,31,1,1,4.189654738
0.3,12,-2.94443897916644,1,0,0,31,1,0,4.025351689
0.9,24,-2.94443897916644,1,0,0,31,1,1,3.044522432
0.5,96,-2.94443897916644,1,1,0,32,1,1,2.708050183
0.3,96,-2.94443897916644,0,1,0,32,1,0,2.833213356
0.7,12,-2.94443897916644,1,0,0,32,1,0,2.708050225
0.9,96,-2.94443897916644,1,0,0,32,1,1,2.197224602
0.3,96,-2.94443897916644,1,0,0,32,1,1,2.639057339
0.9,48,-2.94443897916644,0,0,1,32,1,1,1.791759493
0.7,24,-2.94443897916644,1,0,1,32,1,1,2.484906674
0.3,24,-2.94443897916644,0,0,1,32,1,0,2.197224602
0.9,48,-2.94443897916644,1,0,1,32,1,1,1.945910203
0.9,24,-2.94443897916644,1,0,1,32,1,1,2.197224602
0.3,24,-2.94443897916644,0,0,1,34,1,0,3.401197385
0.7,12,-2.94443897916644,0,0,1,34,1,0,2.995732256
0.5,48,-2.94443897916644,1,0,1,34,1,1,2.484906674
0.9,12,-2.94443897916644,1,0,1,34,1,0,2.397895278
0.7,96,-2.94443897916644,0,1,1,34,1,1,2.995732287
0.9,12,-2.94443897916644,0,0,0,34,1,1,2.708050183
0.5,96,-2.94443897916644,0,0,0,34,1,0,2.890371747
0.7,48,-2.94443897916644,1,0,0,34,1,0,2.944438981
0.9,24,-2.94443897916644,1,0,0,34,1,1,2.77258872
0.5,24,-2.94443897916644,1,0,0,34,1,0,2.708050183
0.7,96,-2.94443897916644,0,0,0,35,1,0,4.219507708
0.5,48,-2.94443897916644,0,0,0,35,1,0,4.219507708
0.5,48,-2.94443897916644,1,0,0,35,0.5,1,3.583518945
0.5,48,-2.94443897916644,1,0,0,35,0.5,0,3.583518945
0.3,48,-2.94443897916644,0,0,0,35,1,0,4.234106501
0.5,96,-2.94443897916644,1,1,0,35,1,0,3.433987195
0.9,96,-2.94443897916644,0,0,1,35,1,1,2.639057339
0.3,96,-2.94443897916644,0,0,1,35,1,0,3.71357207
0.5,24,-2.94443897916644,0,0,1,35,1,0,3.367295825
0.3,48,-2.94443897916644,1,1,1,35,1,0,2.944438981
0.9,24,-2.94443897916644,0,0,1,35,1,1,2.564949397
0.7,48,-2.94443897916644,0,0,1,36,1,1,3.71357207
0.3,96,-2.94443897916644,0,1,1,36,1,0,3.555348062
0.7,96,-2.94443897916644,1,1,1,36,1,1,2.77258872
0.7,48,-2.94443897916644,0,1,1,36,1,1,3.637586162
0.3,96,-2.94443897916644,1,1,1,36,1,0,2.890371747
0.5,48,-2.94443897916644,0,1,0,36,1,0,3.401197385
0.5,48,-2.94443897916644,1,0,0,36,1,1,3.828641398
0.7,96,-2.94443897916644,1,0,0,36,1,1,2.995732287
0.3,96,-2.94443897916644,1,1,0,36,1,0,4.442651261
0.9,12,-2.94443897916644,0,0,0,36,1,1,3.218875832
0.3,48,-2.94443897916644,0,0,0,38,0.333333333333333,0,3.891820301
0.3,48,-2.94443897916644,0,0,0,38,0.333333333333333,1,3.891820301
0.3,48,-2.94443897916644,0,0,0,38,0.333333333333333,0,3.891820301
0.9,48,-2.94443897916644,1,0,0,38,0.333333333333333,0,3.871201022
0.9,48,-2.94443897916644,1,0,0,38,0.333333333333333,0,3.871201022
0.9,48,-2.94443897916644,1,0,0,38,0.333333333333333,0,3.871201022
0.7,48,-2.94443897916644,0,1,0,38,0.333333333333333,1,4.094344566
0.7,48,-2.94443897916644,0,1,0,38,0.333333333333333,0,4.094344566
0.7,48,-2.94443897916644,0,1,0,38,0.333333333333333,0,4.094344566
0.7,96,-2.94443897916644,1,0,0,38,0.5,0,3.988984047
0.7,96,-2.94443897916644,1,0,0,38,0.5,1,3.988984047
0.9,48,-2.94443897916644,1,1,0,38,0.333333333333333,1,3.784189639
0.9,48,-2.94443897916644,1,1,0,38,0.333333333333333,0,3.784189639
0.9,48,-2.94443897916644,1,1,0,38,0.333333333333333,0,3.784189639
0.3,96,-2.94443897916644,0,0,1,38,0.25,0,3.737669613
0.3,96,-2.94443897916644,0,0,1,38,0.25,0,3.737669613
0.3,96,-2.94443897916644,0,0,1,38,0.25,0,3.737669613
0.3,96,-2.94443897916644,0,0,1,38,0.25,0,3.737669613
0.5,96,-2.94443897916644,0,0,1,38,0.333333333333333,0,4.0253517
0.5,96,-2.94443897916644,0,0,1,38,0.333333333333333,1,4.0253517
0.5,96,-2.94443897916644,0,0,1,38,0.333333333333333,0,4.0253517
0.5,24,-2.94443897916644,0,0,1,38,0.5,0,3.367295825
0.5,24,-2.94443897916644,0,0,1,38,0.5,1,3.367295825
0.3,24,-2.94443897916644,1,0,1,38,0.333333333333333,0,3.178053828
0.3,24,-2.94443897916644,1,0,1,38,0.333333333333333,0,3.178053828
0.3,24,-2.94443897916644,1,0,1,38,0.333333333333333,0,3.178053828
0.9,24,-2.94443897916644,0,0,1,38,0.2,1,2.995732287
0.9,24,-2.94443897916644,0,0,1,38,0.2,0,2.995732287
0.9,24,-2.94443897916644,0,0,1,38,0.2,0,2.995732287
0.9,24,-2.94443897916644,0,0,1,38,0.2,0,2.995732287
0.9,24,-2.94443897916644,0,0,1,38,0.2,0,2.995732287
0.7,96,-2.94443897916644,0,1,1,39,1,1,3.526360518
0.7,96,-2.94443897916644,1,1,1,39,1,1,3.496507567
0.5,96,-2.94443897916644,1,0,1,39,1,1,3.931825632
0.3,96,-2.94443897916644,1,0,1,39,1,0,3.583518945
0.3,96,-2.94443897916644,0,1,1,39,1,0,4.356708827
0.7,48,-2.94443897916644,0,0,0,39,1,1,4.406719243
0.7,96,-2.94443897916644,0,1,0,39,1,0,4.465908121
0.9,48,-2.94443897916644,1,1,0,39,1,0,3.401197364
0.7,48,-2.94443897916644,1,1,0,39,1,1,3.526360518
0.5,24,-2.94443897916644,1,0,0,39,1,0,5.023880519
0.5,24,-2.94443897916644,0,0,1,40,1,0,2.944438981
0.3,96,-2.94443897916644,0,1,1,40,1,0,2.944438981
0.7,96,-2.94443897916644,0,1,1,40,1,1,3.688879468
0.7,48,-2.94443897916644,0,1,1,40,1,1,3.258096554
0.5,48,-2.94443897916644,1,0,1,40,1,1,2.302585075
0.9,96,-2.94443897916644,1,0,0,40,1,1,2.302585138
0.5,48,-2.94443897916644,1,0,0,40,1,1,3.737669613
0.9,48,-2.94443897916644,1,1,0,40,1,1,2.302585075
0.3,48,-2.94443897916644,0,0,0,40,1,0,2.890371747
0.3,96,-2.94443897916644,1,1,0,40,1,1,2.77258872
0.9,24,-2.94443897916644,1,0,1,41,1,1,2.639057339
0.5,24,-2.94443897916644,0,0,1,41,1,0,3.912023
0.3,12,-2.94443897916644,1,0,1,41,1,0,3.891820301
0.7,24,-2.94443897916644,0,0,1,41,1,1,3.891820288
0.3,12,-2.94443897916644,0,0,1,41,1,0,3.433987215
0.9,48,-2.94443897916644,0,1,0,41,1,1,3.806662486
0.3,12,-2.94443897916644,0,0,0,41,1,0,4.304065098
0.5,12,-2.94443897916644,0,0,0,41,1,0,4.262679881
0.7,24,-2.94443897916644,1,0,0,41,1,1,3.555348062
0.3,12,-2.94443897916644,1,0,0,41,1,0,4.430816793
0.5,24,-2.94443897916644,1,0,1,42,1,0,2.995732287
0.3,96,-2.94443897916644,1,0,1,42,1,0,3.367295825
0.3,24,-2.94443897916644,0,0,1,42,1,0,3.784189639
0.9,96,-2.94443897916644,1,1,1,42,1,1,2.302585075
0.7,24,-2.94443897916644,1,0,1,42,1,0,2.197224602
0.5,96,-2.94443897916644,1,0,0,42,1,0,2.197224602
0.9,96,-2.94443897916644,0,0,0,42,1,0,2.833213356
0.7,48,-2.94443897916644,0,0,0,42,1,0,2.708050225
0.9,48,-2.94443897916644,1,1,0,42,1,0,3.044522432
0.3,48,-2.94443897916644,0,1,0,42,1,0,3.091042458
0.5,12,-2.94443897916644,0,0,0,45,1,0,4.025351689
0.3,48,-2.94443897916644,0,0,0,45,1,0,3.258096554
0.3,24,-2.94443897916644,1,0,0,45,1,1,4.304065089
0.9,24,-2.94443897916644,1,0,0,45,1,1,3.178053828
0.5,96,-2.94443897916644,0,0,0,45,1,0,3.044522432
0.7,24,-2.94443897916644,0,0,1,45,1,1,3.784189625
0.7,24,-2.94443897916644,1,0,1,45,1,0,3.178053828
0.3,96,-2.94443897916644,0,0,1,45,1,0,3.688879452
0.9,12,-2.94443897916644,1,0,1,45,1,1,2.944438981
0.3,96,-2.94443897916644,1,0,1,45,1,0,2.484906674
0.5,24,-2.94443897916644,0,0,0,46,1,0,3.688879452
0.7,96,-2.94443897916644,0,0,0,46,1,0,2.890371747
0.7,12,-2.94443897916644,0,0,0,46,1,0,3.044522432
0.3,12,-2.94443897916644,1,0,0,46,1,0,3.258096554
0.3,24,-2.94443897916644,0,0,0,46,1,0,2.890371782
0.5,96,-2.94443897916644,1,0,1,46,1,1,2.77258872
0.9,96,-2.94443897916644,0,0,1,46,1,1,2.302585138
0.3,48,-2.94443897916644,0,1,1,46,1,0,2.56494935
0.5,12,-2.94443897916644,0,0,1,46,1,0,2.56494935
0.7,24,-2.94443897916644,1,0,1,46,1,0,2.07944154
0.7,48,-2.94443897916644,1,1,1,47,1,1,2.197224602
0.9,24,-2.94443897916644,1,0,1,47,1,1,1.791759493
0.9,96,-2.94443897916644,1,1,1,47,1,1,1.60943802
0.9,96,-2.94443897916644,1,1,1,47,1,1,1.945910203
0.9,24,-2.94443897916644,1,0,1,47,1,1,2.397895278
0.9,12,-2.94443897916644,0,0,0,47,1,0,3.091042458
0.3,12,-2.94443897916644,1,0,0,47,1,0,3.091042458
0.9,12,-2.94443897916644,0,0,0,47,1,0,3.044522432
0.5,96,-2.94443897916644,1,0,0,47,1,0,2.890371782
0.9,12,-2.94443897916644,0,0,0,47,1,0,3.433987215
0.5,96,-2.94443897916644,0,1,0,49,1,0,3.555348062
0.7,96,-2.94443897916644,0,0,0,49,1,0,3.737669628
0.5,96,-2.94443897916644,1,0,0,49,1,1,3.583518928
0.3,48,-2.94443897916644,0,0,0,49,1,0,3.891820301
0.7,96,-2.94443897916644,0,1,0,49,1,0,4.430816801
0.3,96,-2.94443897916644,1,1,1,49,1,0,2.995732256
0.9,12,-2.94443897916644,1,0,1,49,1,0,3.555348062
0.7,24,-2.94443897916644,1,0,1,49,1,0,3.433987215
0.7,48,-2.94443897916644,0,0,1,49,1,1,2.397895278
0.7,24,-2.94443897916644,1,0,1,49,1,0,4.248495242
0.3,96,-2.94443897916644,0,1,1,50,1,1,3.218875832
0.5,96,-2.94443897916644,0,0,1,50,1,1,3.044522462
0.5,96,-2.94443897916644,0,0,1,50,1,1,3.258096554
0.3,12,-2.94443897916644,0,0,1,50,1,0,3.663561654
0.5,96,-2.94443897916644,0,1,1,50,1,1,2.77258872
0.3,96,-2.94443897916644,0,1,0,50,1,0,2.484906621
0.9,96,-2.94443897916644,1,0,0,50,1,1,2.197224532
0.9,48,-2.94443897916644,0,1,0,50,1,1,2.995732256
0.3,96,-2.94443897916644,0,0,0,50,1,1,3.044522432
0.7,96,-2.94443897916644,1,1,0,50,1,0,3.091042458
0.5,24,-2.94443897916644,1,0,0,51,1,0,4.219507708
0.9,48,-2.94443897916644,1,1,0,51,1,0,3.367295825
0.7,24,-2.94443897916644,0,0,0,51,1,0,3.663561654
0.3,48,-2.94443897916644,0,0,0,51,1,0,4.564348189
0.7,48,-2.94443897916644,0,0,0,51,1,1,3.178053828
0.5,24,-2.94443897916644,1,0,1,51,1,0,3.044522462
0.3,96,-2.94443897916644,0,1,1,51,1,0,3.332204497
0.5,48,-2.94443897916644,0,1,1,51,1,0,3.135494231
0.9,12,-2.94443897916644,0,0,1,51,1,1,2.639057294
0.3,48,-2.94443897916644,1,0,1,51,1,0,3.401197385
0.5,24,-2.94443897916644,1,0,1,52,1,0,2.833213356
0.7,48,-2.94443897916644,0,1,1,52,1,1,2.484906621
0.3,48,-2.94443897916644,0,0,1,52,1,0,3.465735901
0.7,12,-2.94443897916644,0,0,1,52,1,0,3.891820301
0.7,96,-2.94443897916644,1,1,1,52,1,1,2.484906621
0.7,96,-2.94443897916644,1,1,0,52,1,1,3.332204497
0.7,48,-2.94443897916644,0,1,0,52,1,1,3.044522432
0.3,12,-2.94443897916644,0,0,0,52,1,0,3.332204519
0.9,48,-2.94443897916644,1,0,0,52,1,1,3.178053828
0.5,96,-2.94443897916644,0,0,0,52,1,0,3.091042458
0.3,96,-2.94443897916644,1,1,1,53,1,0,3.71357207
0.3,96,-2.94443897916644,0,1,1,53,1,0,3.555348062
0.5,48,-2.94443897916644,1,0,1,53,1,1,3.951243711
0.9,24,-2.94443897916644,0,0,1,53,1,1,3.367295825
0.5,96,-2.94443897916644,1,0,1,53,1,0,4.543294782
0.7,48,-2.94443897916644,1,1,0,53,1,1,3.891820301
0.9,24,-2.94443897916644,1,0,0,53,1,1,3.526360518
0.7,24,-2.94443897916644,1,0,0,53,1,1,4.143134731
0.3,48,-2.94443897916644,0,1,0,53,1,0,4.897839799
0.5,48,-2.94443897916644,0,1,0,53,1,0,4.304065089
0.3,96,-2.94443897916644,1,0,0,54,1,0,2.944438981
0.5,48,-2.94443897916644,0,1,0,54,1,0,2.708050183
0.9,48,-2.94443897916644,1,0,0,54,1,0,2.197224532
0.7,48,-2.94443897916644,1,0,0,54,1,1,2.302585075
0.5,24,-2.94443897916644,0,0,0,54,1,0,2.397895278
0.7,48,-2.94443897916644,0,1,1,54,1,1,2.484906621
0.9,12,-2.94443897916644,1,0,1,54,1,1,2.302585138
0.9,12,-2.94443897916644,1,0,1,54,1,1,2.833213356
0.5,96,-2.94443897916644,1,0,1,54,1,0,3.178053828
0.9,48,-2.94443897916644,0,0,1,54,1,1,1.945910113
0.3,48,-2.94443897916644,0,0,0,56,0.333333333333333,0,3.828641398
0.3,48,-2.94443897916644,0,0,0,56,0.333333333333333,0,3.828641398
0.3,48,-2.94443897916644,0,0,0,56,0.333333333333333,0,3.828641398
0.5,24,-2.94443897916644,1,0,0,56,0.5,0,4.043051259
0.5,24,-2.94443897916644,1,0,0,56,0.5,0,4.043051259
0.3,96,-2.94443897916644,1,1,0,56,1,0,2.995732256
0.3,48,-2.94443897916644,1,0,0,56,0.5,0,2.639057339
0.3,48,-2.94443897916644,1,0,0,56,0.5,1,2.639057339
0.3,24,-2.94443897916644,0,0,0,56,1,0,3.295836867
0.7,48,-2.94443897916644,0,0,1,56,1,1,2.77258872
0.5,96,-2.94443897916644,1,1,1,56,1,1,2.77258872
0.9,24,-2.94443897916644,1,0,1,56,1,1,1.945910113
0.9,48,-2.94443897916644,1,1,1,56,1,1,1.791759389
0.7,96,-2.94443897916644,1,1,1,56,1,1,2.197224532
0.3,48,-2.94443897916644,1,0,0,57,1,1,3.583518945
0.5,12,-2.94443897916644,0,0,0,57,1,0,3.637586162
0.3,96,-2.94443897916644,1,1,0,57,1,0,3.663561654
0.7,96,-2.94443897916644,0,1,0,57,0.5,0,3.295836867
0.7,96,-2.94443897916644,0,1,0,57,0.5,0,3.295836867
0.5,96,-2.94443897916644,0,0,0,57,1,0,2.995732287
0.3,24,-2.94443897916644,0,0,1,57,1,0,3.737669613
0.9,24,-2.94443897916644,1,0,1,57,1,1,2.484906621
0.5,48,-2.94443897916644,0,0,1,57,1,0,3.178053828
0.9,96,-2.94443897916644,0,1,1,57,1,1,3.850147595
0.7,24,-2.94443897916644,0,0,1,57,1,0,2.833213356
0.5,96,-2.94443897916644,1,0,1,58,1,1,5.0937502
0.3,48,-2.94443897916644,0,1,1,58,1,0,3.433987195
0.7,48,-2.94443897916644,1,1,1,58,1,1,2.77258872
0.7,24,-2.94443897916644,0,0,1,58,1,0,2.708050183
0.5,12,-2.94443897916644,0,0,1,58,1,0,3.367295825
0.3,12,-2.94443897916644,1,0,0,58,1,0,2.944438981
0.5,24,-2.94443897916644,0,0,0,58,1,0,3.737669613
0.7,96,-2.94443897916644,0,1,0,58,1,1,3.135494231
0.3,12,-2.94443897916644,0,0,0,58,1,0,2.639057339
0.9,48,-2.94443897916644,1,0,0,58,1,0,2.302585138
0.3,24,-2.94443897916644,1,0,1,59,1,0,3.912023
0.5,24,-2.94443897916644,0,0,1,59,1,0,3.332204497
0.5,48,-2.94443897916644,1,0,1,59,0.5,0,3.761200115
0.5,48,-2.94443897916644,1,0,1,59,0.5,1,3.761200115
0.5,96,-2.94443897916644,1,1,1,59,1,1,3.218875832
0.9,48,-2.94443897916644,0,1,1,59,1,1,2.944438981
0.9,48,-2.94443897916644,0,0,0,59,1,0,3.688879452
0.7,96,-2.94443897916644,1,0,0,59,1,1,3.433987215
0.9,48,-2.94443897916644,1,1,0,59,1,1,2.944438981
0.3,48,-2.94443897916644,0,0,0,59,1,0,3.367295825
0.7,48,-2.94443897916644,0,0,0,59,1,0,3.465735901
0.7,24,-2.94443897916644,1,0,1,60,1,0,2.944438981
0.9,48,-2.94443897916644,1,0,1,60,1,1,1.609437895
0.3,48,-2.94443897916644,1,0,1,60,1,0,3.496507567
0.5,24,-2.94443897916644,0,0,1,60,1,0,4.204692619
0.3,48,-2.94443897916644,1,0,1,60,1,0,2.397895278
0.9,24,-2.94443897916644,1,0,0,60,1,1,2.397895278
0.5,48,-2.94443897916644,0,1,0,60,1,0,2.890371747
0.5,48,-2.94443897916644,1,1,0,60,1,0,3.044522432
0.3,24,-2.94443897916644,0,0,0,60,1,0,3.526360518
0.5,96,-2.94443897916644,0,0,0,60,1,0,2.397895221
0.9,24,-2.94443897916644,1,0,0,61,1,1,5.843544418
0.5,48,-2.94443897916644,1,0,0,61,1,1,2.56494935
0.9,24,-2.94443897916644,1,0,0,61,1,1,3.912023
0.5,48,-2.94443897916644,0,1,0,61,1,1,3.496507567
0.9,12,-2.94443897916644,0,0,0,61,1,1,2.708050225
0.3,24,-2.94443897916644,1,0,1,61,1,1,3.295836867
0.7,96,-2.94443897916644,1,1,1,61,1,1,2.484906621
0.3,48,-2.94443897916644,0,0,1,61,1,1,2.302585075
0.7,48,-2.94443897916644,0,0,1,61,1,1,2.56494935
0.3,48,-2.94443897916644,0,1,1,61,1,0,2.995732256
0.7,24,-2.94443897916644,0,0,0,62,1,1,4.48863637
0.3,12,-2.94443897916644,1,0,0,62,1,0,4.574710979
0.5,48,-2.94443897916644,0,0,0,62,1,1,4.369447848
0.7,96,-2.94443897916644,1,1,0,62,1,1,3.891820301
0.3,48,-2.94443897916644,1,0,0,62,1,0,4.574710979
0.9,96,-2.94443897916644,0,1,1,62,1,1,3.401197364
0.9,48,-2.94443897916644,0,0,1,62,1,1,3.295836867
0.3,12,-2.94443897916644,1,0,1,62,1,0,4.248495242
0.7,48,-2.94443897916644,0,1,1,62,1,1,4.174387272
0.3,12,-2.94443897916644,1,0,1,62,1,0,3.091042458
0.7,24,-2.94443897916644,1,0,1,64,1,0,4.158883081
0.7,96,-2.94443897916644,1,0,1,64,1,1,2.56494935
0.5,48,-2.94443897916644,1,1,1,64,1,0,2.995732256
0.9,96,-2.94443897916644,1,0,1,64,1,1,2.302585075
0.3,96,-2.94443897916644,0,1,1,64,1,0,2.833213356
0.3,48,-2.94443897916644,1,0,0,64,1,1,4.110873871
0.7,48,-2.94443897916644,1,0,0,64,1,1,2.833213319
0.3,24,-2.94443897916644,0,0,0,64,1,0,3.433987195
0.7,96,-2.94443897916644,1,0,0,64,1,0,3.637586162
0.9,96,-2.94443897916644,0,0,0,64,1,0,3.25809653
0.5,48,-2.94443897916644,0,0,0,65,1,0,3.044522432
0.9,96,-2.94443897916644,0,1,0,65,1,1,2.302585075
0.9,24,-2.94443897916644,1,0,0,65,1,1,2.397895278
0.7,24,-2.94443897916644,0,0,0,65,1,0,3.295836867
0.3,12,-2.94443897916644,1,0,0,65,1,0,2.639057339
0.5,24,-2.94443897916644,1,0,1,65,1,0,2.944438981
0.9,96,-2.94443897916644,0,0,1,65,1,1,1.791759493
0.7,48,-2.94443897916644,1,0,1,65,1,1,2.079441618
0.7,48,-2.94443897916644,0,0,1,65,1,1,2.302585075
0.9,48,-2.94443897916644,0,1,1,65,1,1,1.945910203
0.5,96,-2.94443897916644,0,0,0,66,1,0,2.484906621
0.5,48,-2.94443897916644,0,0,0,66,1,0,2.484906674
0.9,96,-2.94443897916644,0,1,0,66,1,0,3.044522432
0.3,24,-2.94443897916644,0,0,0,66,1,0,3.044522462
0.7,24,-2.94443897916644,1,0,0,66,1,1,2.07944154
0.7,96,-2.94443897916644,0,1,1,66,1,1,2.197224602
0.5,24,-2.94443897916644,1,0,1,66,1,0,2.708050225
0.7,48,-2.94443897916644,1,1,1,66,1,1,2.07944154
0.3,24,-2.94443897916644,1,0,1,66,1,0,2.708050183
0.9,48,-2.94443897916644,1,1,1,66,1,1,2.197224602
0.3,96,-2.94443897916644,1,1,1,67,1,0,2.07944154
0.5,96,-2.94443897916644,0,0,1,67,1,0,1.386294438
0.5,48,-2.94443897916644,1,1,1,67,1,0,1.945910113
0.7,96,-2.94443897916644,1,0,1,67,1,0,1.386294281
0.3,24,-2.94443897916644,0,0,1,67,1,0,2.197224602
0.3,24,-2.94443897916644,0,0,0,67,1,0,2.07944154
0.9,48,-2.94443897916644,1,0,0,67,1,0,4.219507708
0.9,12,-2.94443897916644,1,0,0,67,1,0,2.197224532
0.9,12,-2.94443897916644,0,0,0,67,1,0,1.791759493
0.9,96,-2.94443897916644,0,1,0,67,1,0,1.945910113
0.7,48,-2.94443897916644,1,0,1,68,1,1,3.737669613
0.3,96,-2.94443897916644,1,0,1,68,1,0,3.218875807
0.9,96,-2.94443897916644,1,0,1,68,1,1,2.302585138
0.5,48,-2.94443897916644,0,1,1,68,1,1,3.295836867
0.5,96,-2.94443897916644,1,1,1,68,1,1,2.944438981
0.3,48,-2.94443897916644,0,0,0,68,1,0,3.496507567
0.3,48,-2.94443897916644,1,0,0,68,1,0,3.367295825
0.3,48,-2.94443897916644,1,1,0,68,1,0,3.688879452
0.9,96,-2.94443897916644,1,0,0,68,1,1,2.708050225
0.9,96,-2.94443897916644,0,0,0,68,1,0,4.290459442
0.5,96,-2.94443897916644,1,1,0,69,1,1,2.944438981
0.5,48,-2.94443897916644,1,1,0,69,1,0,2.708050183
0.7,96,-2.94443897916644,1,1,0,69,1,1,1.791759389
0.5,96,-2.94443897916644,0,0,0,69,1,0,1.945910203
0.3,48,-2.94443897916644,0,1,0,69,1,0,2.708050183
0.9,96,-2.94443897916644,0,0,1,69,1,1,2.56494935
0.7,48,-2.94443897916644,1,0,1,69,1,1,2.833213356
0.3,48,-2.94443897916644,0,1,1,69,1,0,2.77258872
0.7,48,-2.94443897916644,1,0,1,69,1,1,2.56494935
0.7,96,-2.94443897916644,0,1,1,69,1,1,2.564949397
0.3,48,-2.94443897916644,0,1,0,72,1,1,4.682131228
0.3,12,-2.94443897916644,1,0,0,72,1,0,3.688879452
0.7,48,-2.94443897916644,0,1,0,72,0.333333333333333,0,3.663561638
0.7,48,-2.94443897916644,0,1,0,72,0.333333333333333,0,3.663561638
0.7,48,-2.94443897916644,0,1,0,72,0.333333333333333,1,3.663561638
0.9,12,-2.94443897916644,1,0,0,72,1,1,3.135494231
0.9,48,-2.94443897916644,0,0,0,72,1,0,4.564348196
0.5,48,-2.94443897916644,1,0,1,72,1,1,2.639057339
0.9,96,-2.94443897916644,0,1,1,72,1,1,3.218875807
0.5,96,-2.94443897916644,1,0,1,72,1,1,2.890371747
0.5,48,-2.94443897916644,0,1,1,72,1,1,2.77258872
0.7,96,-2.94443897916644,1,0,1,72,1,1,2.302585075
0.3,12,-2.94443897916644,0,0,1,73,1,0,4.204692619
0.3,96,-2.94443897916644,1,0,1,73,1,0,4.007333179
0.9,96,-2.94443897916644,0,1,1,73,1,1,3.433987215
0.5,48,-2.94443897916644,1,1,1,73,1,0,3.367295825
0.7,48,-2.94443897916644,1,1,1,73,1,1,2.995732287
0.9,48,-2.94443897916644,0,0,0,73,1,0,3.610917909
0.5,96,-2.94443897916644,1,0,0,73,1,0,2.833213356
0.5,96,-2.94443897916644,1,1,0,73,1,0,3.218875832
0.7,24,-2.94443897916644,1,0,0,73,1,1,3.25809653
0.3,12,-2.94443897916644,1,0,0,73,1,0,2.890371782
0.9,96,-2.94443897916644,1,0,1,75,1,1,2.484906674
0.7,48,-2.94443897916644,0,0,1,75,1,1,3.295836867
0.5,96,-2.94443897916644,0,1,1,75,1,1,2.639057339
0.3,96,-2.94443897916644,1,0,1,75,1,1,3.135494231
0.9,96,-2.94443897916644,1,0,1,75,1,1,2.639057339
0.5,96,-2.94443897916644,1,1,0,75,1,1,3.496507567
0.5,96,-2.94443897916644,1,0,0,75,1,0,3.737669613
0.3,48,-2.94443897916644,0,0,0,75,1,1,3.806662486
0.7,96,-2.94443897916644,0,1,0,75,1,1,3.784189639
0.5,96,-2.94443897916644,0,0,0,75,1,0,2.944438981
0.5,12,-2.94443897916644,1,0,0,76,1,0,3.663561638
0.5,24,-2.94443897916644,1,0,0,76,1,0,3.401197385
0.3,12,-2.94443897916644,0,0,0,76,1,0,3.784189639
0.9,48,-2.94443897916644,1,1,0,76,1,1,3.401197385
0.9,12,-2.94443897916644,1,0,0,76,1,1,2.197224602
0.3,48,-2.94443897916644,0,0,1,76,1,0,2.833213356
0.3,96,-2.94443897916644,1,1,1,76,1,0,2.944438948
0.9,24,-2.94443897916644,0,0,1,76,1,1,2.833213356
0.9,48,-2.94443897916644,0,1,1,76,1,1,2.07944154
0.7,12,-2.94443897916644,0,0,1,76,1,0,2.397895278
0.7,96,-2.94443897916644,1,1,0,77,1,0,3.784189625
0.7,48,-2.94443897916644,0,1,0,77,1,0,3.891820288
0.9,24,-2.94443897916644,0,0,0,77,1,0,3.988984047
0.5,96,-2.94443897916644,1,0,0,77,1,0,4.174387272
0.9,48,-2.94443897916644,1,1,0,77,1,1,3.951243711
0.3,96,-2.94443897916644,0,0,1,77,1,0,3.433987195
0.5,12,-2.94443897916644,0,0,1,77,1,0,3.850147608
0.3,48,-2.94443897916644,0,0,1,77,1,0,3.891820288
0.9,24,-2.94443897916644,0,0,1,77,1,1,3.401197364
0.9,12,-2.94443897916644,0,0,1,77,1,1,2.890371747
0.5,12,-2.94443897916644,1,0,1,78,1,0,3.401197385
0.7,48,-2.94443897916644,1,1,1,78,1,1,3.295836867
0.9,48,-2.94443897916644,1,1,1,78,1,1,2.944438981
0.3,96,-2.94443897916644,1,1,1,78,1,0,3.401197385
0.3,48,-2.94443897916644,0,1,1,78,1,0,3.828641398
0.7,96,-2.94443897916644,1,1,0,78,1,1,3.526360518
0.9,48,-2.94443897916644,1,0,0,78,1,0,3.401197385
0.3,48,-2.94443897916644,1,0,0,78,1,0,4.304065098
0.5,12,-2.94443897916644,1,0,0,78,1,1,2.890371747
0.5,12,-2.94443897916644,0,0,0,78,1,0,3.401197385
0.5,24,-2.94443897916644,1,0,1,79,1,0,3.912023
0.3,96,-2.94443897916644,0,1,1,79,1,0,3.784189639
0.7,12,-2.94443897916644,1,0,1,79,1,0,2.56494935
0.3,96,-2.94443897916644,0,0,1,79,1,0,2.484906621
0.3,96,-2.94443897916644,1,0,1,79,1,1,2.995732287
0.9,12,-2.94443897916644,0,0,0,79,1,0,3.401197385
0.5,48,-2.94443897916644,0,1,0,79,1,0,3.784189639
0.7,24,-2.94443897916644,0,0,0,79,1,1,2.995732287
0.3,12,-2.94443897916644,1,0,0,79,1,0,3.433987195
0.7,96,-2.94443897916644,1,1,0,79,1,1,2.56494935
0.7,48,-2.94443897916644,0,0,1,80,1,1,3.135494204
0.3,12,-2.94443897916644,0,0,1,80,1,0,3.044522462
0.5,96,-2.94443897916644,1,0,1,80,1,0,2.890371747
0.7,12,-2.94443897916644,0,0,1,80,1,0,2.56494935
0.9,48,-2.94443897916644,1,1,1,80,1,1,2.639057339
0.5,12,-2.94443897916644,1,0,0,80,1,0,2.484906674
0.9,12,-2.94443897916644,1,0,0,80,1,0,2.639057294
0.3,96,-2.94443897916644,0,1,0,80,0.5,0,2.890371747
0.3,96,-2.94443897916644,0,1,0,80,0.5,0,2.890371747
0.3,24,-2.94443897916644,1,0,0,80,1,0,2.639057294
0.9,12,-2.94443897916644,0,0,0,80,1,0,1.791759389
0.9,12,-2.94443897916644,1,0,1,84,1,1,3.044522432
0.7,48,-2.94443897916644,0,1,1,84,1,1,2.944438981
0.5,12,-2.94443897916644,0,0,1,84,1,0,4.110873871
0.7,96,-2.94443897916644,1,0,1,84,1,1,2.833213356
0.7,48,-2.94443897916644,0,1,1,84,1,1,3.135494204
0.3,96,-2.94443897916644,0,1,0,84,1,0,3.663561654
0.3,48,-2.94443897916644,1,0,0,84,1,0,3.850147595
0.9,12,-2.94443897916644,1,0,0,84,1,1,3.218875832
0.3,24,-2.94443897916644,0,0,0,84,1,1,3.761200115
0.7,96,-2.94443897916644,0,1,0,84,0.5,0,2.890371782
0.7,96,-2.94443897916644,0,1,0,84,0.5,0,2.890371782
0.3,96,-2.94443897916644,0,0,1,85,1,1,3.784189625
0.3,48,-2.94443897916644,1,1,1,85,1,0,2.639057339
0.9,24,-2.94443897916644,0,0,1,85,1,1,2.639057339
0.7,12,-2.94443897916644,0,0,1,85,0.5,0,2.995732256
0.7,12,-2.94443897916644,0,0,1,85,0.5,0,2.995732256
0.9,96,-2.94443897916644,0,0,1,85,1,1,2.07944154
0.5,12,-2.94443897916644,1,0,0,85,1,1,4.094344566
0.9,48,-2.94443897916644,0,1,0,85,1,0,3.583518945
0.5,12,-2.94443897916644,0,0,0,85,1,0,3.044522432
0.7,96,-2.94443897916644,0,0,0,85,1,0,2.995732256
0.3,12,-2.94443897916644,0,0,0,85,1,0,2.708050183
0.7,24,-2.94443897916644,0,0,0,87,0.5,0,3.496507567
0.7,24,-2.94443897916644,0,0,0,87,0.5,0,3.496507567
0.7,48,-2.94443897916644,0,1,0,87,1,0,3.332204519
0.9,96,-2.94443897916644,0,1,0,87,1,0,3.135494204
0.5,48,-2.94443897916644,1,1,0,87,0.333333333333333,1,3.828641398
0.5,48,-2.94443897916644,1,1,0,87,0.333333333333333,0,3.828641398
0.5,48,-2.94443897916644,1,1,0,87,0.333333333333333,0,3.828641398
0.5,96,-2.94443897916644,0,1,0,87,0.5,0,3.332204497
0.5,96,-2.94443897916644,0,1,0,87,0.5,0,3.332204497
0.9,24,-2.94443897916644,1,0,1,87,1,1,2.995732287
0.3,48,-2.94443897916644,1,0,1,87,1,0,2.944438981
0.3,24,-2.94443897916644,0,0,1,87,1,0,3.332204519
0.7,48,-2.94443897916644,0,1,1,87,1,1,2.639057339
0.3,96,-2.94443897916644,1,1,1,87,1,0,2.995732287
0.9,96,-2.94443897916644,1,0,1,88,1,1,3.401197385
0.5,96,-2.94443897916644,0,0,1,88,1,1,4.00733319
0.3,48,-2.94443897916644,0,0,1,88,1,0,3.610917909
0.7,48,-2.94443897916644,0,0,1,88,1,1,3.401197385
0.7,48,-2.94443897916644,1,0,1,88,1,1,2.302585138
0.7,48,-2.94443897916644,1,0,0,88,1,1,3.044522432
0.3,96,-2.94443897916644,0,1,0,88,1,0,3.871201009
0.5,24,-2.94443897916644,1,0,0,88,1,0,3.496507567
0.3,48,-2.94443897916644,1,0,0,88,1,0,3.496507567
0.7,48,-2.94443897916644,0,0,0,88,1,1,2.397895278
0.9,12,-2.94443897916644,0,0,0,89,1,0,3.178053828
0.7,96,-2.94443897916644,1,0,0,89,1,1,2.77258872
0.9,96,-2.94443897916644,0,1,0,89,1,0,2.833213356
0.7,96,-2.94443897916644,1,1,0,89,1,1,2.639057339
0.7,96,-2.94443897916644,0,0,0,89,1,0,4.382026633
0.3,48,-2.94443897916644,1,1,1,89,1,0,2.890371747
0.5,96,-2.94443897916644,0,1,1,89,1,0,2.833213356
0.9,48,-2.94443897916644,1,0,1,89,1,1,2.77258872
0.9,96,-2.94443897916644,1,1,1,89,1,1,2.397895278
0.5,96,-2.94443897916644,0,1,1,89,1,0,3.367295825
0.5,12,-2.94443897916644,1,0,1,90,1,0,3.091042458
0.9,12,-2.94443897916644,0,0,1,90,1,0,2.397895278
0.7,48,-2.94443897916644,0,1,1,90,1,0,3.091042458
0.5,12,-2.94443897916644,0,0,1,90,1,0,2.56494935
0.3,96,-2.94443897916644,0,0,1,90,1,0,3.555348062
0.5,48,-2.94443897916644,0,1,0,90,1,0,3.496507567
0.5,24,-2.94443897916644,1,0,0,90,1,1,2.833213356
0.3,48,-2.94443897916644,1,0,0,90,1,1,2.995732256
0.7,48,-2.94443897916644,0,0,0,90,1,0,3.295836867
0.3,12,-2.94443897916644,0,0,0,90,1,0,3.135494231
0.9,48,-2.94443897916644,1,0,1,91,1,1,3.25809653
0.9,24,-2.94443897916644,0,0,1,91,1,1,2.708050183
0.9,96,-2.94443897916644,0,1,1,91,1,1,2.56494935
0.5,48,-2.94443897916644,1,1,1,91,1,1,4.219507699
0.3,96,-2.94443897916644,1,1,1,91,1,0,3.367295825
0.7,48,-2.94443897916644,1,0,0,91,1,1,3.555348062
0.5,24,-2.94443897916644,0,0,0,91,1,0,3.931825645
0.3,48,-2.94443897916644,0,0,0,91,1,0,3.761200115
0.3,96,-2.94443897916644,0,0,0,91,1,0,4.47733682
0.7,96,-2.94443897916644,0,1,0,91,1,1,3.555348062
0.7,48,-2.94443897916644,1,0,0,92,1,0,3.784189639
0.5,96,-2.94443897916644,0,1,0,92,1,0,4.127134386
0.3,12,-2.94443897916644,0,0,0,92,1,0,3.332204519
0.9,24,-2.94443897916644,0,0,0,92,1,0,2.890371782
0.5,48,-2.94443897916644,1,1,0,92,1,0,3.367295847
0.5,96,-2.94443897916644,0,0,1,92,1,0,3.401197364
0.5,96,-2.94443897916644,0,0,1,92,1,0,2.995732256
0.9,96,-2.94443897916644,0,0,1,92,1,1,2.833213319
0.3,96,-2.94443897916644,0,1,1,92,1,0,2.995732287
0.5,96,-2.94443897916644,0,0,1,92,1,0,3.367295825
0.5,24,-2.94443897916644,1,0,0,93,1,0,3.332204497
0.9,12,-2.94443897916644,1,0,0,93,1,1,2.07944154
0.7,96,-2.94443897916644,1,0,0,93,1,0,2.890371747
0.7,12,-2.94443897916644,1,0,0,93,0.5,0,3.871201022
0.7,12,-2.94443897916644,1,0,0,93,0.5,0,3.871201022
0.3,48,-2.94443897916644,0,1,1,93,1,0,2.639057339
0.5,96,-2.94443897916644,0,0,1,93,1,1,2.484906674
0.7,96,-2.94443897916644,0,1,1,93,1,1,1.791759493
0.3,24,-2.94443897916644,0,0,1,93,1,0,2.708050225
0.9,96,-2.94443897916644,1,0,1,93,1,1,1.609437895
0.5,96,-2.94443897916644,1,0,0,93,1,1,2.77258872
0.9,48,-2.94443897916644,0,0,0,95,0.5,0,3.663561638
0.9,48,-2.94443897916644,0,0,0,95,0.5,0,3.663561638
0.5,12,-2.94443897916644,0,0,0,95,1,0,3.688879452
0.7,96,-2.94443897916644,1,1,0,95,1,0,3.784189639
0.9,96,-2.94443897916644,1,0,0,95,1,1,2.56494935
0.9,24,-2.94443897916644,0,0,0,95,1,1,2.639057339
0.3,12,-2.94443897916644,1,0,1,95,1,0,3.135494231
0.5,96,-2.94443897916644,1,0,1,95,1,0,2.890371747
0.7,48,-2.94443897916644,1,0,1,95,1,1,2.397895278
0.5,48,-2.94443897916644,0,1,1,95,1,1,2.944438981
0.3,96,-2.94443897916644,1,0,1,95,1,0,2.639057339
0.9,12,-2.94443897916644,1,0,0,96,1,1,2.708050225
0.9,48,-2.94443897916644,1,0,0,96,1,1,2.708050225
0.9,96,-2.94443897916644,1,1,0,96,1,1,2.639057339
0.7,48,-2.94443897916644,0,1,0,96,1,0,3.465735901
0.9,96,-2.94443897916644,0,0,0,96,1,0,3.555348062
0.5,96,-2.94443897916644,0,0,1,96,1,1,3.178053828
0.5,48,-2.94443897916644,0,0,1,96,1,0,2.890371782
0.5,96,-2.94443897916644,1,0,1,96,1,1,3.135494231
0.3,96,-2.94443897916644,1,1,1,96,1,0,2.944438981
0.5,12,-2.94443897916644,0,0,1,96,1,0,2.995732256
0.9,48,-2.94443897916644,0,0,1,97,1,1,2.833213356
0.3,12,-2.94443897916644,1,0,1,97,1,0,4.077537443
0.9,48,-2.94443897916644,0,1,1,97,1,1,2.890371747
0.9,24,-2.94443897916644,1,0,1,97,1,1,2.833213319
0.5,96,-2.94443897916644,1,0,1,97,1,1,3.806662486
0.9,96,-2.94443897916644,1,0,0,97,1,1,5.049856007
0.9,24,-2.94443897916644,0,0,0,97,1,0,4.867534452
0.5,48,-2.94443897916644,0,0,0,97,1,0,3.850147608
0.7,48,-2.94443897916644,1,1,0,97,1,0,3.871201009
0.5,96,-2.94443897916644,1,0,0,97,1,1,3.178053828
0.7,96,-2.94443897916644,1,0,0,98,1,1,3.433987195
0.9,96,-2.94443897916644,1,1,0,98,1,1,2.197224602
0.7,48,-2.94443897916644,1,1,0,98,1,1,3.25809653
0.5,12,-2.94443897916644,0,0,0,98,1,0,3.433987195
0.7,96,-2.94443897916644,1,0,0,98,1,1,2.833213319
0.3,12,-2.94443897916644,0,0,1,98,1,0,2.708050183
0.7,48,-2.94443897916644,0,0,1,98,1,1,2.197224602
0.7,48,-2.94443897916644,1,0,1,98,1,1,2.07944154
0.3,48,-2.94443897916644,1,1,1,98,1,0,3.25809653
0.3,12,-2.94443897916644,1,0,1,98,1,0,2.302585075
0.7,24,-2.94443897916644,1,0,1,101,1,1,3.988984047
0.5,24,-2.94443897916644,0,0,1,101,1,0,3.433987195
0.5,24,-2.94443897916644,0,0,1,101,1,0,3.583518928
0.9,12,-2.94443897916644,1,0,1,101,0.5,0,3.465735921
0.9,12,-2.94443897916644,1,0,1,101,0.5,1,3.465735921
0.9,48,-2.94443897916644,1,1,1,101,1,1,2.708050183
0.5,48,-2.94443897916644,1,0,0,101,1,1,3.433987215
0.3,48,-2.94443897916644,0,0,0,101,1,0,4.189654747
0.3,48,-2.94443897916644,0,0,0,101,1,0,3.850147608
0.5,24,-2.94443897916644,0,0,0,101,1,0,4.394449156
0.7,48,-2.94443897916644,0,1,0,101,1,1,4.406719251
0.3,48,-2.94443897916644,1,1,1,102,1,1,3.367295825
0.7,48,-2.94443897916644,0,1,1,102,1,1,2.639057294
0.3,48,-2.94443897916644,1,1,1,102,1,0,2.56494935
0.9,24,-2.94443897916644,0,0,1,102,1,0,2.944438981
0.5,48,-2.94443897916644,1,1,1,102,1,1,2.397895278
0.5,96,-2.94443897916644,1,0,0,102,1,1,3.295836867
0.7,12,-2.94443897916644,1,0,0,102,1,0,3.09104243
0.5,96,-2.94443897916644,1,0,0,102,1,1,2.77258872
0.7,24,-2.94443897916644,0,0,0,102,1,0,2.77258872
0.3,48,-2.94443897916644,0,0,0,102,1,0,2.995732256
0.7,12,-2.94443897916644,1,0,0,103,1,1,3.433987195
0.9,48,-2.94443897916644,1,1,0,103,1,1,4.330733342
0.3,24,-2.94443897916644,1,0,0,103,1,0,3.663561654
0.7,48,-2.94443897916644,0,1,0,103,1,1,2.77258872
0.3,96,-2.94443897916644,0,0,0,103,1,0,4.382026633
0.9,24,-2.94443897916644,0,0,1,103,1,1,2.197224532
0.5,96,-2.94443897916644,0,0,1,103,1,0,3.295836867
0.9,96,-2.94443897916644,1,0,1,103,1,1,1.945910113
0.9,12,-2.94443897916644,0,0,1,103,1,1,2.484906674
0.7,48,-2.94443897916644,0,1,1,103,1,1,2.397895278
0.7,96,-2.94443897916644,1,0,1,104,1,1,3.71357207
0.3,24,-2.94443897916644,1,0,1,104,0.5,0,3.637586162
0.3,24,-2.94443897916644,1,0,1,104,0.5,0,3.637586162
0.3,96,-2.94443897916644,1,0,1,104,1,1,3.044522462
0.5,96,-2.94443897916644,1,1,1,104,1,1,3.25809653
0.5,24,-2.94443897916644,0,0,1,104,1,1,3.71357207
0.3,12,-2.94443897916644,0,0,0,104,1,0,3.401197385
0.9,96,-2.94443897916644,0,0,0,104,1,0,3.688879452
0.5,96,-2.94443897916644,0,1,0,104,1,1,3.583518945
0.3,12,-2.94443897916644,1,0,0,104,0.5,0,3.295836867
0.3,12,-2.94443897916644,1,0,0,104,0.5,0,3.295836867
0.5,48,-2.94443897916644,0,1,0,104,1,1,3.178053828
0.7,12,-2.94443897916644,1,0,0,105,1,0,2.995732287
0.5,48,-2.94443897916644,0,1,0,105,1,0,4.962844631
0.7,48,-2.94443897916644,1,0,0,105,1,1,3.091042458
0.3,96,-2.94443897916644,1,1,0,105,1,0,5.361292163
0.3,12,-2.94443897916644,1,0,0,105,1,0,3.688879452
0.7,24,-2.94443897916644,0,0,1,105,1,0,4.04305127
0.5,12,-2.94443897916644,0,0,1,105,1,0,2.56494935
0.3,24,-2.94443897916644,1,0,1,105,1,0,2.995732287
0.9,96,-2.94443897916644,0,1,1,105,1,1,2.302585075
0.9,24,-2.94443897916644,0,0,1,105,1,1,2.302585075
0.3,96,-2.94443897916644,0,1,1,106,1,0,2.833213356
0.3,96,-2.94443897916644,1,0,1,106,1,0,3.610917909
0.7,96,-2.94443897916644,0,1,1,106,1,1,3.295836867
0.7,48,-2.94443897916644,1,1,1,106,1,1,2.890371782
0.9,48,-2.94443897916644,1,1,1,106,1,1,2.56494935
0.3,24,-2.94443897916644,1,0,0,106,1,0,2.995732256
0.7,48,-2.94443897916644,1,1,0,106,1,0,2.56494935
0.5,12,-2.94443897916644,0,0,0,106,1,0,2.995732287
0.5,12,-2.94443897916644,1,0,0,106,1,0,2.397895221
0.7,12,-2.94443897916644,1,0,0,106,1,0,2.890371782
0.7,12,-2.94443897916644,0,0,0,107,1,0,2.890371747
0.7,12,-2.94443897916644,0,0,0,107,1,0,2.56494935
0.3,48,-2.94443897916644,0,1,0,107,1,0,2.07944154
0.9,96,-2.94443897916644,0,1,0,107,1,0,2.944438981
0.7,24,-2.94443897916644,0,0,0,107,1,1,2.302585075
0.9,12,-2.94443897916644,0,0,1,107,1,0,3.218875807
0.3,96,-2.94443897916644,1,1,1,107,1,0,2.639057294
0.5,24,-2.94443897916644,1,0,1,107,1,0,2.708050183
0.5,96,-2.94443897916644,0,0,1,107,1,0,2.397895278
0.5,12,-2.94443897916644,1,0,1,107,1,0,2.833213319
0.3,48,-2.94443897916644,0,1,1,108,1,0,3.931825632
0.5,96,-2.94443897916644,1,0,1,108,1,0,3.433987195
0.7,48,-2.94443897916644,0,0,1,108,1,0,4.143134721
0.3,96,-2.94443897916644,0,0,1,108,1,0,3.784189625
0.3,12,-2.94443897916644,1,0,1,108,1,0,3.806662486
0.9,96,-2.94443897916644,0,0,0,108,1,0,3.465735901
0.9,48,-2.94443897916644,1,1,0,108,1,1,2.77258872
0.5,48,-2.94443897916644,1,0,0,108,1,0,3.850147608
0.5,48,-2.94443897916644,0,0,0,108,1,0,3.465735901
0.5,12,-2.94443897916644,0,0,0,108,1,0,3.465735901
0.3,96,-2.94443897916644,0,0,1,109,1,1,2.944438981
0.3,48,-2.94443897916644,0,0,1,109,1,0,2.944438981
0.5,96,-2.94443897916644,0,1,1,109,1,0,2.484906621
0.7,96,-2.94443897916644,1,1,1,109,1,1,1.945910203
0.5,48,-2.94443897916644,1,1,1,109,1,1,1.945910203
0.9,12,-2.94443897916644,0,0,0,109,1,0,2.833213356
0.5,96,-2.94443897916644,1,1,0,109,1,0,2.197224532
0.5,24,-2.94443897916644,0,0,0,109,1,0,2.56494935
0.9,96,-2.94443897916644,1,1,0,109,1,1,1.791759493
0.9,96,-2.94443897916644,1,1,0,109,1,1,1.945910203
0.9,48,-2.94443897916644,1,1,0,110,1,1,4.110873861
0.9,24,-2.94443897916644,0,0,0,110,1,0,4.0253517
0.5,48,-2.94443897916644,0,0,0,110,1,0,4.007333179
0.9,96,-2.94443897916644,0,0,0,110,1,0,4.369447856
0.7,48,-2.94443897916644,0,0,0,110,1,0,4.543294782
0.3,24,-2.94443897916644,1,0,1,110,1,0,4.369447856
0.3,24,-2.94443897916644,0,0,1,110,1,0,4.343805427
0.3,24,-2.94443897916644,0,0,1,110,1,0,4.060443017
0.3,24,-2.94443897916644,0,0,1,110,0.5,0,4.248495242
0.3,24,-2.94443897916644,0,0,1,110,0.5,0,4.248495242
0.5,24,-2.94443897916644,0,0,1,110,0.5,0,4.499809674
0.5,24,-2.94443897916644,0,0,1,110,0.5,0,4.499809674
0.9,96,-2.94443897916644,0,0,1,112,1,1,2.944438981
0.7,12,-2.94443897916644,0,0,1,112,1,0,3.25809653
0.7,24,-2.94443897916644,1,0,1,112,1,1,2.77258872
0.9,96,-2.94443897916644,0,0,1,112,1,1,2.484906621
0.7,12,-2.94443897916644,0,0,1,112,1,0,2.302585075
0.9,48,-2.94443897916644,0,0,0,112,1,0,3.401197385
0.3,96,-2.94443897916644,0,1,0,112,0.333333333333333,0,3.178053828
0.3,96,-2.94443897916644,0,1,0,112,0.333333333333333,0,3.178053828
0.3,96,-2.94443897916644,0,1,0,112,0.333333333333333,0,3.178053828
0.7,48,-2.94443897916644,1,0,0,112,1,0,2.77258872
0.5,12,-2.94443897916644,0,0,0,112,0.5,0,3.8066625
0.5,12,-2.94443897916644,0,0,0,112,0.5,0,3.8066625
0.7,48,-2.94443897916644,1,1,0,112,0.5,0,3.178053828
0.7,48,-2.94443897916644,1,1,0,112,0.5,1,3.178053828
0.9,96,-2.94443897916644,0,0,0,113,1,0,3.951243723
0.5,96,-2.94443897916644,1,0,0,113,1,0,3.931825632
0.5,48,-2.94443897916644,1,0,0,113,1,1,3.637586162
0.7,48,-2.94443897916644,1,0,0,113,1,0,2.708050183
0.3,48,-2.94443897916644,0,0,0,113,1,0,3.433987195
0.5,48,-2.94443897916644,0,0,1,113,1,0,3.496507567
0.9,48,-2.94443897916644,1,1,1,113,1,1,2.197224602
0.9,48,-2.94443897916644,0,1,1,113,1,1,2.07944154
0.3,96,-2.94443897916644,1,0,1,113,1,1,2.77258872
0.9,96,-2.94443897916644,1,0,1,113,1,1,2.56494935
0.9,48,-2.94443897916644,1,1,1,114,1,1,2.890371782
0.3,12,-2.94443897916644,1,0,1,114,1,0,2.77258872
0.7,48,-2.94443897916644,1,1,1,114,1,1,2.564949397
0.7,12,-2.94443897916644,1,0,1,114,1,1,2.77258872
0.7,12,-2.94443897916644,0,0,1,114,1,0,3.610917909
0.9,48,-2.94443897916644,1,1,0,114,1,1,2.639057339
0.5,48,-2.94443897916644,1,1,0,114,1,1,3.135494204
0.7,48,-2.94443897916644,0,0,0,114,1,0,3.218875832
0.7,96,-2.94443897916644,0,0,0,114,1,0,2.56494935
0.9,96,-2.94443897916644,1,1,0,114,1,1,2.397895278
0.7,48,-2.94443897916644,0,0,1,115,1,1,3.610917909
0.5,96,-2.94443897916644,0,1,1,115,1,1,2.995732256
0.3,96,-2.94443897916644,0,0,1,115,1,0,6.28971557
0.5,96,-2.94443897916644,0,0,1,115,0.5,0,3.526360518
0.5,96,-2.94443897916644,0,0,1,115,0.5,0,3.526360518
0.3,12,-2.94443897916644,0,0,1,115,0.5,0,3.044522432
0.3,12,-2.94443897916644,0,0,1,115,0.5,0,3.044522432
0.3,48,-2.94443897916644,1,1,0,115,0.5,0,4.804021046
0.3,48,-2.94443897916644,1,1,0,115,0.5,0,4.804021046
0.3,48,-2.94443897916644,1,1,0,115,1,0,7.244941546
0.9,96,-2.94443897916644,1,1,0,115,1,1,3.091042458
0.3,12,-2.94443897916644,0,0,0,115,1,0,3.583518945
0.5,24,-2.94443897916644,1,0,0,115,1,0,4.382026641
0.3,24,-2.94443897916644,0,0,1,116,1,0,3.828641398
0.9,12,-2.94443897916644,1,0,1,116,1,1,3.555348062
0.3,24,-2.94443897916644,1,0,1,116,1,0,4.007333179
0.5,96,-2.94443897916644,1,0,1,116,1,0,3.367295847
0.9,96,-2.94443897916644,1,1,1,116,1,1,2.890371747
0.7,48,-2.94443897916644,1,0,0,116,1,1,4.418840607
0.3,96,-2.94443897916644,1,1,0,116,1,0,3.433987215
0.7,96,-2.94443897916644,0,0,0,116,1,0,4.521788578
0.7,48,-2.94443897916644,0,0,0,116,1,0,4.543294782
0.5,48,-2.94443897916644,0,0,0,116,1,0,4.276666126
0.7,48,-2.94443897916644,0,1,1,117,1,1,3.713572055
0.9,48,-2.94443897916644,1,1,1,117,1,0,1.791759389
0.5,48,-2.94443897916644,1,0,1,117,1,1,3.931825632
0.9,48,-2.94443897916644,1,0,1,117,1,1,2.302585138
0.5,48,-2.94443897916644,0,0,1,117,1,0,3.761200115
0.5,96,-2.94443897916644,0,1,0,117,1,0,3.784189625
0.3,96,-2.94443897916644,1,1,0,117,1,0,3.97029191
0.3,12,-2.94443897916644,1,0,0,117,1,0,4.060443006
0.7,24,-2.94443897916644,0,0,0,117,1,0,2.995732287
0.3,24,-2.94443897916644,0,0,0,117,1,0,3.135494231
0.7,48,-2.94443897916644,0,0,1,119,1,1,3.135494204
0.9,48,-2.94443897916644,0,0,1,119,1,1,2.56494935
0.3,12,-2.94443897916644,1,0,1,119,1,0,3.218875832
0.5,12,-2.94443897916644,0,0,1,119,1,0,2.77258872
0.7,24,-2.94443897916644,1,0,1,119,1,0,2.77258872
0.9,24,-2.94443897916644,0,0,0,119,1,0,3.218875832
0.9,48,-2.94443897916644,1,0,0,119,1,1,2.708050183
0.5,24,-2.94443897916644,0,0,0,119,1,0,3.367295825
0.3,24,-2.94443897916644,1,0,0,119,1,0,3.367295825
0.3,24,-2.94443897916644,1,0,0,119,0.5,0,3.25809653
0.3,24,-2.94443897916644,1,0,0,119,0.5,0,3.25809653
0.5,96,-2.94443897916644,1,0,1,120,1,1,3.806662486
0.7,48,-2.94443897916644,1,1,1,120,1,1,2.484906674
0.5,48,-2.94443897916644,1,1,1,120,1,0,3.332204519
0.3,48,-2.94443897916644,0,0,1,120,1,0,2.639057339
0.3,96,-2.94443897916644,0,1,1,120,1,0,2.77258872
0.7,24,-2.94443897916644,0,0,0,120,1,0,2.944438981
0.3,48,-2.94443897916644,0,1,0,120,1,0,2.564949397
0.9,48,-2.94443897916644,1,0,0,120,1,0,2.484906621
0.3,12,-2.94443897916644,0,0,0,120,1,0,2.833213319
0.7,24,-2.94443897916644,0,0,0,120,1,0,3.044522432
0.9,96,-2.94443897916644,0,1,1,121,1,1,2.07944154
0.5,96,-2.94443897916644,1,1,1,121,1,0,3.178053828
0.3,12,-2.94443897916644,1,0,1,121,1,0,3.091042458
0.7,48,-2.94443897916644,0,0,1,121,1,1,2.397895278
0.7,24,-2.94443897916644,0,0,1,121,1,1,3.295836867
0.7,48,-2.94443897916644,1,0,0,121,1,0,4.158883081
0.3,96,-2.94443897916644,0,1,0,121,1,0,2.890371747
0.9,12,-2.94443897916644,1,0,0,121,1,1,2.944438981
0.7,48,-2.94443897916644,1,0,0,121,1,0,3.465735901
0.3,12,-2.94443897916644,1,0,0,121,1,0,3.931825632
0.9,12,-2.94443897916644,1,0,0,122,1,1,2.708050183
0.3,48,-2.94443897916644,1,1,0,122,1,0,3.135494231
0.7,24,-2.94443897916644,1,0,0,122,1,1,2.639057339
0.7,24,-2.94443897916644,1,0,0,122,1,1,2.890371747
0.5,96,-2.94443897916644,0,1,0,122,1,0,2.56494935
0.3,48,-2.94443897916644,0,0,1,122,1,1,3.688879452
0.7,24,-2.94443897916644,1,0,1,122,1,1,2.484906674
0.7,24,-2.94443897916644,0,0,1,122,1,1,3.433987215
0.3,12,-2.94443897916644,0,0,1,122,1,0,2.944438948
0.9,96,-2.94443897916644,0,1,1,122,1,1,2.833213356
0.5,96,-2.94443897916644,1,0,1,123,1,1,3.401197364
0.9,96,-2.94443897916644,0,1,1,123,1,1,2.484906674
0.9,48,-2.94443897916644,1,0,1,123,1,1,2.07944154
0.5,12,-2.94443897916644,0,0,1,123,1,0,3.688879452
0.5,96,-2.94443897916644,1,1,1,123,1,1,2.56494935
0.9,24,-2.94443897916644,1,0,0,123,1,1,3.496507567
0.3,48,-2.94443897916644,1,0,0,123,1,0,3.044522432
0.5,48,-2.94443897916644,0,1,0,123,1,0,4.189654738
0.7,12,-2.94443897916644,1,0,0,123,1,0,3.25809653
0.9,48,-2.94443897916644,0,1,0,123,1,1,2.708050225
0.9,12,-2.94443897916644,1,0,0,124,1,1,7.467371067
0.7,48,-2.94443897916644,0,1,0,124,1,1,3.496507548
0.3,12,-2.94443897916644,0,0,0,124,1,0,3.71357207
0.5,96,-2.94443897916644,0,0,0,124,0.5,0,3.891820288
0.5,96,-2.94443897916644,0,0,0,124,0.5,0,3.891820288
0.7,96,-2.94443897916644,0,1,0,124,1,1,3.663561654
0.9,24,-2.94443897916644,1,0,1,124,1,1,2.77258872
0.9,96,-2.94443897916644,0,1,1,124,1,1,2.708050225
0.9,48,-2.94443897916644,1,0,1,124,1,1,2.944438981
0.3,48,-2.94443897916644,1,1,1,124,0.5,0,3.931825632
0.3,48,-2.94443897916644,1,1,1,124,0.5,0,3.931825632
0.9,12,-2.94443897916644,1,0,1,124,1,1,2.56494935
0.9,24,-2.94443897916644,1,0,0,126,1,0,2.995732287
0.7,96,-2.94443897916644,1,0,0,126,1,1,2.944438981
0.3,24,-2.94443897916644,1,0,0,126,0.5,0,3.218875832
0.3,24,-2.94443897916644,1,0,0,126,0.5,0,3.218875832
0.3,96,-2.94443897916644,0,0,0,126,1,0,3.496507567
0.9,48,-2.94443897916644,1,0,0,126,1,1,2.302585138
0.9,48,-2.94443897916644,1,0,1,126,1,1,2.197224602
0.5,96,-2.94443897916644,1,0,1,126,1,1,3.044522432
0.7,24,-2.94443897916644,0,0,1,126,1,1,3.091042458
0.3,96,-2.94443897916644,0,1,1,126,1,0,2.833213356
0.5,48,-2.94443897916644,1,0,1,126,1,0,2.56494935
0.7,96,-2.94443897916644,1,0,1,127,1,1,2.397895278
0.7,24,-2.94443897916644,1,0,1,127,1,0,3.465735901
0.3,24,-2.94443897916644,1,0,1,127,1,0,2.56494935
0.7,96,-2.94443897916644,0,1,1,127,1,1,1.791759493
0.5,96,-2.94443897916644,0,1,1,127,1,0,2.302585138
0.9,96,-2.94443897916644,1,0,0,127,1,1,1.945910203
0.9,96,-2.94443897916644,0,0,0,127,1,1,3.044522462
0.5,96,-2.94443897916644,0,1,0,127,1,1,2.07944154
0.3,12,-2.94443897916644,0,0,0,127,1,0,3.295836867
0.3,96,-2.94443897916644,1,0,0,127,1,1,2.944438981
0.7,48,-2.94443897916644,1,0,0,129,1,1,2.639057294
0.9,96,-2.94443897916644,0,1,0,129,1,0,3.332204497
0.3,12,-2.94443897916644,0,0,0,129,1,0,3.433987215
0.9,48,-2.94443897916644,0,0,0,129,1,0,4.04305127
0.7,48,-2.94443897916644,1,0,0,129,1,1,2.56494935
0.5,48,-2.94443897916644,0,0,1,129,1,0,3.891820288
0.7,48,-2.94443897916644,0,1,1,129,1,1,1.945910203
0.3,24,-2.94443897916644,1,0,1,129,1,0,3.091042458
0.3,48,-2.94443897916644,0,0,1,129,1,0,2.77258872
0.5,24,-2.94443897916644,0,0,1,129,1,0,2.56494935
0.3,96,-2.94443897916644,1,1,1,130,1,0,3.912023013
0.9,96,-2.94443897916644,1,1,1,130,1,1,3.433987215
0.3,96,-2.94443897916644,1,1,1,130,1,0,3.433987195
0.9,96,-2.94443897916644,0,0,1,130,1,1,2.890371747
0.9,96,-2.94443897916644,1,1,1,130,1,1,2.708050225
0.7,96,-2.94443897916644,1,1,0,130,1,1,3.688879452
0.3,24,-2.94443897916644,1,0,0,130,1,0,3.465735901
0.5,48,-2.94443897916644,0,1,0,130,1,1,2.639057294
0.7,12,-2.94443897916644,1,0,0,130,1,0,3.295836867
0.9,12,-2.94443897916644,0,0,0,130,1,0,2.833213356
0.5,96,-2.94443897916644,0,0,1,131,1,1,4.158883091
0.3,24,-2.94443897916644,0,0,1,131,1,0,4.934473932
0.7,96,-2.94443897916644,0,0,1,131,1,1,3.091042458
0.7,48,-2.94443897916644,1,1,1,131,1,1,4.73619845
0.5,48,-2.94443897916644,0,1,1,131,1,0,3.610917909
0.5,96,-2.94443897916644,1,0,0,131,1,1,4.204692619
0.7,48,-2.94443897916644,1,0,0,131,1,1,4.025351689
0.7,96,-2.94443897916644,1,0,0,131,1,1,3.663561654
0.5,96,-2.94443897916644,1,1,0,131,1,0,4.290459434
0.9,24,-2.94443897916644,0,0,0,131,1,1,4.00733319
0.9,48,-2.94443897916644,1,0,1,132,1,1,4.248495242
0.3,96,-2.94443897916644,0,0,1,132,1,0,3.610917909
0.3,48,-2.94443897916644,1,1,1,132,1,0,3.555348062
0.3,96,-2.94443897916644,1,1,1,132,1,0,3.178053828
0.5,48,-2.94443897916644,0,1,1,132,1,1,3.091042458
0.3,24,-2.94443897916644,1,0,0,132,1,1,4.317488113
0.7,96,-2.94443897916644,1,1,0,132,1,1,3.663561638
0.3,12,-2.94443897916644,0,0,0,132,1,0,3.737669613
0.7,48,-2.94443897916644,0,1,0,132,1,1,3.332204519
0.3,96,-2.94443897916644,0,0,0,132,1,0,3.931825632
0.5,96,-2.94443897916644,1,1,0,133,1,0,3.044522432
0.7,12,-2.94443897916644,0,0,0,133,1,0,2.639057339
0.7,48,-2.94443897916644,0,1,0,133,0.5,0,3.178053828
0.7,48,-2.94443897916644,0,1,0,133,0.5,0,3.178053828
0.5,96,-2.94443897916644,1,1,0,133,0.5,0,3.610917909
0.5,96,-2.94443897916644,1,1,0,133,0.5,0,3.610917909
0.9,48,-2.94443897916644,0,1,0,133,1,0,4.47733682
0.7,48,-2.94443897916644,0,0,1,133,1,1,3.044522462
0.5,48,-2.94443897916644,1,1,1,133,1,0,3.555348062
0.9,96,-2.94443897916644,1,1,1,133,1,1,2.302585075
0.3,96,-2.94443897916644,0,0,1,133,0.5,0,3.295836867
0.3,96,-2.94443897916644,0,0,1,133,0.5,1,3.295836867
0.7,96,-2.94443897916644,0,0,1,133,1,0,2.77258872
0.5,96,-2.94443897916644,1,1,0,134,0.5,0,2.56494935
0.5,96,-2.94443897916644,1,1,0,134,0.5,0,2.56494935
0.7,48,-2.94443897916644,0,1,0,134,0.5,0,2.639057339
0.7,48,-2.94443897916644,0,1,0,134,0.5,0,2.639057339
0.9,48,-2.94443897916644,0,1,0,134,0.5,0,2.639057339
0.9,48,-2.94443897916644,0,1,0,134,0.5,0,2.639057339
0.3,48,-2.94443897916644,0,0,0,134,0.5,0,2.484906621
0.3,48,-2.94443897916644,0,0,0,134,0.5,0,2.484906621
0.5,48,-2.94443897916644,1,1,0,134,0.5,0,2.397895278
0.5,48,-2.94443897916644,1,1,0,134,0.5,0,2.397895278
0.7,48,-2.94443897916644,1,1,1,134,1,1,2.833213319
0.7,96,-2.94443897916644,1,0,1,134,1,1,2.397895278
0.5,96,-2.94443897916644,0,1,1,134,0.5,0,2.639057294
0.5,96,-2.94443897916644,0,1,1,134,0.5,0,2.639057294
0.9,12,-2.94443897916644,1,0,1,134,1,1,2.197224602
0.3,96,-2.94443897916644,1,0,1,134,0.5,0,2.639057339
0.3,96,-2.94443897916644,1,0,1,134,0.5,1,2.639057339
0.7,24,-2.94443897916644,1,0,0,135,1,1,2.944438981
0.7,12,-2.94443897916644,0,0,0,135,1,0,2.708050183
0.3,12,-2.94443897916644,0,0,0,135,1,0,2.833213319
0.7,12,-2.94443897916644,0,0,0,135,1,0,3.295836867
0.5,12,-2.94443897916644,1,0,0,135,1,0,3.610917909
0.7,12,-2.94443897916644,0,0,1,135,1,0,3.178053828
0.5,48,-2.94443897916644,0,1,1,135,1,0,3.218875832
0.9,12,-2.94443897916644,0,0,1,135,1,0,3.218875832
0.3,24,-2.94443897916644,1,0,1,135,1,1,3.091042458
0.9,24,-2.94443897916644,0,0,1,135,1,1,2.07944154
0.5,48,-2.94443897916644,0,0,0,136,1,0,4.060443017
0.5,24,-2.94443897916644,1,0,0,136,0.5,1,4.04305127
0.5,24,-2.94443897916644,1,0,0,136,0.5,0,4.04305127
0.9,96,-2.94443897916644,1,1,0,136,1,1,3.044522432
0.7,48,-2.94443897916644,1,1,0,136,1,0,4.025351689
0.7,48,-2.94443897916644,1,0,0,136,1,0,4.343805419
0.5,24,-2.94443897916644,0,0,1,136,1,1,3.663561654
0.3,48,-2.94443897916644,1,0,1,136,1,0,2.944438981
0.7,96,-2.94443897916644,0,1,1,136,1,1,2.397895278
0.3,96,-2.94443897916644,1,0,1,136,1,1,2.890371747
0.7,48,-2.94443897916644,0,1,1,136,1,1,2.07944154
0.7,48,-2.94443897916644,0,0,1,137,1,1,2.708050183
0.7,48,-2.94443897916644,1,0,1,137,1,1,2.708050225
0.5,96,-2.94443897916644,1,0,1,137,0.5,1,3.583518945
0.5,96,-2.94443897916644,1,0,1,137,0.5,0,3.583518945
0.7,96,-2.94443897916644,0,1,1,137,1,1,2.484906674
0.7,24,-2.94443897916644,0,0,1,137,1,1,3.218875832
0.9,96,-2.94443897916644,1,0,0,137,1,0,3.332204519
0.5,48,-2.94443897916644,0,0,0,137,1,0,3.496507567
0.9,24,-2.94443897916644,1,0,0,137,1,1,2.77258872
0.3,48,-2.94443897916644,1,1,0,137,1,0,3.401197385
0.7,96,-2.94443897916644,0,1,0,137,1,0,3.97029191
0.5,48,-2.94443897916644,1,0,1,139,1,1,3.465735901
0.9,96,-2.94443897916644,1,1,1,139,1,1,2.56494935
0.3,48,-2.94443897916644,0,1,1,139,1,0,6.464588303
0.9,24,-2.94443897916644,0,0,1,139,1,1,3.367295825
0.5,96,-2.94443897916644,0,0,1,139,1,0,3.044522432
0.7,48,-2.94443897916644,0,1,0,139,1,0,3.912023
0.9,96,-2.94443897916644,0,1,0,139,1,0,4.262679881
0.7,96,-2.94443897916644,0,1,0,139,1,1,3.555348062
0.9,48,-2.94443897916644,1,0,0,139,1,1,3.178053828
0.3,96,-2.94443897916644,0,0,0,139,1,0,4.304065098
0.5,96,-2.94443897916644,0,1,1,140,1,0,3.761200115
0.9,96,-2.94443897916644,0,1,1,140,1,1,2.77258872
0.9,96,-2.94443897916644,1,0,1,140,1,1,3.044522432
0.3,24,-2.94443897916644,0,0,1,140,1,0,3.663561638
0.7,12,-2.94443897916644,1,0,1,140,1,0,3.433987195
0.9,48,-2.94443897916644,0,1,0,140,1,1,3.135494231
0.5,12,-2.94443897916644,0,0,0,140,1,1,3.496507548
0.3,48,-2.94443897916644,0,0,0,140,1,0,3.401197385
0.9,48,-2.94443897916644,1,0,0,140,1,1,2.708050183
0.5,96,-2.94443897916644,1,0,0,140,1,0,3.526360536
0.3,12,-2.94443897916644,1,0,0,141,1,0,3.8066625
0.3,12,-2.94443897916644,1,0,0,141,1,0,4.356708827
0.7,48,-2.94443897916644,1,1,0,141,1,1,3.663561638
0.7,24,-2.94443897916644,0,0,0,141,1,1,4.174387272
0.7,96,-2.94443897916644,1,1,0,141,1,0,4.574710973
0.9,12,-2.94443897916644,0,0,1,141,1,1,2.56494935
0.5,96,-2.94443897916644,0,1,1,141,1,1,2.77258872
0.9,24,-2.94443897916644,1,0,1,141,1,1,2.564949397
0.7,96,-2.94443897916644,0,1,1,141,1,1,2.302585075
0.5,24,-2.94443897916644,1,0,1,141,1,1,3.178053828
0.7,96,-2.94443897916644,1,1,0,143,1,1,4.127134386
0.3,48,-2.94443897916644,1,1,0,143,1,0,6.054439347
0.5,96,-2.94443897916644,0,1,0,143,1,1,4.955827057
0.3,48,-2.94443897916644,0,0,0,143,1,0,4.812184354
0.7,96,-2.94443897916644,0,1,0,143,1,1,4.905274779
0.9,96,-2.94443897916644,0,1,1,143,1,1,5.521460918
0.9,24,-2.94443897916644,1,0,1,143,1,1,2.302585075
0.5,96,-2.94443897916644,1,1,1,143,1,0,3.526360518
0.5,48,-2.94443897916644,1,0,1,143,1,1,3.951243723
0.9,96,-2.94443897916644,0,0,1,143,1,1,2.397895278
0.3,48,-2.94443897916644,1,1,1,144,0.5,0,4.406719251
0.3,48,-2.94443897916644,1,1,1,144,0.5,0,4.406719251
0.9,96,-2.94443897916644,1,1,1,144,0.333333333333333,1,4.174387272
0.9,96,-2.94443897916644,1,1,1,144,0.333333333333333,0,4.174387272
0.9,96,-2.94443897916644,1,1,1,144,0.333333333333333,0,4.174387272
0.7,12,-2.94443897916644,1,0,1,144,0.5,1,4.204692619
0.7,12,-2.94443897916644,1,0,1,144,0.5,0,4.204692619
0.7,48,-2.94443897916644,1,1,1,144,1,1,4.00733319
0.3,48,-2.94443897916644,1,0,0,144,0.5,0,4.290459442
0.3,48,-2.94443897916644,1,0,0,144,0.5,0,4.290459442
0.5,96,-2.94443897916644,1,0,0,144,1,1,3.871201009
0.5,48,-2.94443897916644,1,0,0,144,1,1,3.891820288
0.7,96,-2.94443897916644,1,1,0,144,1,1,3.367295825
0.3,48,-2.94443897916644,1,0,0,144,1,0,3.784189625
0.7,96,-2.94443897916644,0,1,0,144,1,1,4.248495242
0.7,12,-2.94443897916644,0,0,1,145,1,0,3.178053828
0.9,96,-2.94443897916644,0,1,1,145,1,1,3.135494204
0.3,96,-2.94443897916644,1,1,1,145,1,0,3.218875807
0.9,12,-2.94443897916644,1,0,1,145,1,1,2.564949397
0.7,96,-2.94443897916644,0,1,1,145,1,0,2.944438981
0.9,48,-2.94443897916644,0,1,0,145,1,0,5.010635293
0.5,96,-2.94443897916644,1,0,0,145,1,0,3.465735901
0.5,48,-2.94443897916644,1,0,0,145,0.5,0,3.091042458
0.5,48,-2.94443897916644,1,0,0,145,0.5,0,3.091042458
0.9,12,-2.94443897916644,0,0,0,145,0.5,0,3.044522432
0.9,12,-2.94443897916644,0,0,0,145,0.5,0,3.044522432
0.9,12,-2.94443897916644,0,0,0,145,1,0,2.639057294
0.9,96,-2.94443897916644,1,1,1,146,1,1,3.332204519
0.5,12,-2.94443897916644,1,0,1,146,1,0,2.77258872
0.3,96,-2.94443897916644,1,0,1,146,1,0,3.583518928
0.3,12,-2.94443897916644,1,0,1,146,1,0,3.295836867
0.9,12,-2.94443897916644,0,0,1,146,1,0,2.995732287
0.7,48,-2.94443897916644,1,0,0,146,1,0,3.091042458
0.7,96,-2.94443897916644,0,0,0,146,1,0,2.890371782
0.3,48,-2.94443897916644,0,0,0,146,1,0,2.397895278
0.7,48,-2.94443897916644,0,0,0,146,1,0,3.135494231
0.9,24,-2.94443897916644,0,0,0,146,1,0,2.639057339
0.9,48,-2.94443897916644,0,1,0,147,1,0,4.521788578
0.9,96,-2.94443897916644,1,0,0,147,1,1,3.970291922
0.7,96,-2.94443897916644,1,1,0,147,1,1,3.526360518
0.3,24,-2.94443897916644,1,0,0,147,1,0,4.418840607
0.7,48,-2.94443897916644,0,0,0,147,1,0,4.094344566
0.7,96,-2.94443897916644,1,0,1,147,1,1,2.77258872
0.5,96,-2.94443897916644,0,0,1,147,1,0,3.044522432
0.5,48,-2.94443897916644,1,0,1,147,1,0,3.25809653
0.3,48,-2.94443897916644,0,1,1,147,1,0,3.178053828
0.7,48,-2.94443897916644,0,0,1,147,1,0,3.401197385
0.7,12,-2.94443897916644,0,0,1,148,1,0,3.555348062
0.3,96,-2.94443897916644,1,0,1,148,1,0,3.610917909
0.7,48,-2.94443897916644,1,1,1,148,1,0,2.995732256
0.5,48,-2.94443897916644,0,1,1,148,1,1,3.178053828
0.3,96,-2.94443897916644,0,0,1,148,1,0,3.433987195
0.5,48,-2.94443897916644,1,0,0,148,1,0,3.135494204
0.3,48,-2.94443897916644,1,0,0,148,1,0,2.484906621
0.9,48,-2.94443897916644,0,0,0,148,1,0,2.484906674
0.7,96,-2.94443897916644,1,1,0,148,1,0,2.77258872
0.9,24,-2.94443897916644,0,0,0,148,1,0,3.25809653
0.5,24,-2.94443897916644,0,0,0,149,1,0,2.890371747
0.3,96,-2.94443897916644,0,1,0,149,1,0,3.496507567
0.5,48,-2.94443897916644,0,1,0,149,1,0,3.610917909
0.3,48,-2.94443897916644,1,1,0,149,1,0,3.25809653
0.7,96,-2.94443897916644,0,0,0,149,1,0,2.564949397
0.3,12,-2.94443897916644,1,0,1,149,1,0,3.258096554
0.7,24,-2.94443897916644,0,0,1,149,1,1,3.135494204
0.9,24,-2.94443897916644,0,0,1,149,1,1,2.56494935
0.9,96,-2.94443897916644,1,0,1,149,1,1,2.484906674
0.5,48,-2.94443897916644,0,1,1,149,1,0,3.25809653
0.5,96,-2.94443897916644,0,1,0,150,1,0,2.995732287
0.7,96,-2.94443897916644,0,0,0,150,0.5,0,4.634728984
0.7,96,-2.94443897916644,0,0,0,150,0.5,0,4.634728984
0.5,96,-2.94443897916644,0,1,0,150,1,0,2.397895278
0.3,12,-2.94443897916644,1,0,0,150,1,0,2.833213356
0.5,48,-2.94443897916644,0,1,0,150,1,0,3.496507567
0.3,24,-2.94443897916644,0,0,1,150,1,0,2.890371747
0.9,48,-2.94443897916644,0,0,1,150,1,1,1.945910203
0.5,48,-2.94443897916644,0,0,1,150,0.5,1,2.944438981
0.5,48,-2.94443897916644,0,0,1,150,0.5,0,2.944438981
0.7,24,-2.94443897916644,1,0,1,150,0.5,0,2.833213356
0.7,24,-2.94443897916644,1,0,1,150,0.5,1,2.833213356
0.9,96,-2.94443897916644,1,1,1,150,1,1,2.944438981
0.3,48,-2.94443897916644,1,1,0,151,1,0,3.784189625
0.3,48,-2.94443897916644,0,1,0,151,1,0,4.158883081
0.7,48,-2.94443897916644,0,0,0,151,1,0,4.744932133
0.5,96,-2.94443897916644,1,0,0,151,1,0,4.442651254
0.5,48,-2.94443897916644,0,0,0,151,1,0,4.330733334
0.3,12,-2.94443897916644,1,0,1,151,1,0,4.691347879
0.7,48,-2.94443897916644,1,0,1,151,1,1,3.178053828
0.9,48,-2.94443897916644,1,0,1,151,1,1,2.639057339
0.7,48,-2.94443897916644,0,1,1,151,1,1,2.708050183
0.5,96,-2.94443897916644,0,1,1,151,1,1,2.944438981
0.9,48,-2.94443897916644,0,0,0,152,1,0,4.025351689
0.7,12,-2.94443897916644,0,0,0,152,1,0,3.295836867
0.9,48,-2.94443897916644,0,0,0,152,1,0,3.97029191
0.9,48,-2.94443897916644,0,1,0,152,1,0,3.09104243
0.9,96,-2.94443897916644,0,1,0,152,1,0,3.332204519
0.3,96,-2.94443897916644,0,1,1,152,1,0,3.688879452
0.3,48,-2.94443897916644,0,1,1,152,1,0,3.218875832
0.3,96,-2.94443897916644,0,0,1,152,1,0,3.637586162
0.5,24,-2.94443897916644,1,0,1,152,1,1,4.174387272
0.5,96,-2.94443897916644,0,0,1,152,1,0,3.091042458
0.3,12,-2.94443897916644,0,0,0,153,1,0,3.688879452
0.5,96,-2.94443897916644,1,1,0,153,1,0,3.295836867
0.9,96,-2.94443897916644,1,1,0,153,1,1,2.07944154
0.7,24,-2.94443897916644,1,0,0,153,1,0,3.433987215
0.5,48,-2.94443897916644,0,0,0,153,1,0,3.433987195
0.3,48,-2.94443897916644,1,1,1,153,0.5,0,3.367295825
0.3,48,-2.94443897916644,1,1,1,153,0.5,0,3.367295825
0.3,96,-2.94443897916644,1,0,1,153,1,0,2.639057339
0.5,48,-2.94443897916644,1,0,1,153,0.5,0,3.465735901
0.5,48,-2.94443897916644,1,0,1,153,0.5,0,3.465735901
0.7,96,-2.94443897916644,0,0,1,153,1,1,3.135494231
0.9,48,-2.94443897916644,1,1,1,153,1,1,2.07944154
0.9,96,-2.94443897916644,1,1,0,154,1,1,2.708050225
0.9,24,-2.94443897916644,1,0,0,154,0.5,1,3.465735901
0.9,24,-2.94443897916644,1,0,0,154,0.5,0,3.465735901
0.5,96,-2.94443897916644,0,0,0,154,1,0,4.770684624
0.9,96,-2.94443897916644,1,1,0,154,1,1,3.663561654
0.7,12,-2.94443897916644,1,0,1,154,1,0,3.951243723
0.3,96,-2.94443897916644,1,1,1,154,1,0,3.688879452
0.3,96,-2.94443897916644,0,1,1,154,1,0,3.367295847
0.9,96,-2.94443897916644,0,0,1,154,1,1,2.56494935
0.5,48,-2.94443897916644,1,1,1,154,1,1,2.77258872
0.9,96,-2.94443897916644,1,1,1,154,1,1,2.07944154
0.3,24,-2.94443897916644,1,0,1,156,1,0,2.995732287
0.7,48,-2.94443897916644,0,0,1,156,1,1,3.044522432
0.9,96,-2.94443897916644,0,1,1,156,1,1,2.484906621
0.5,48,-2.94443897916644,0,0,1,156,0.5,0,3.091042458
0.5,48,-2.94443897916644,0,0,1,156,0.5,0,3.091042458
0.3,48,-2.94443897916644,0,0,1,156,1,1,2.77258872
0.7,12,-2.94443897916644,0,0,0,156,1,0,2.708050183
0.5,96,-2.94443897916644,0,1,0,156,1,0,3.465735901
0.7,48,-2.94443897916644,0,0,0,156,1,0,3.25809653
0.5,12,-2.94443897916644,0,0,0,156,0.5,0,3.332204519
0.5,12,-2.94443897916644,0,0,0,156,0.5,0,3.332204519
0.5,48,-2.94443897916644,1,0,0,156,1,0,3.091042458
0.9,48,-2.94443897916644,1,0,0,157,1,0,3.367295825
0.3,24,-2.94443897916644,0,0,0,157,1,0,3.433987215
0.5,48,-2.94443897916644,0,1,0,157,1,0,3.688879452
0.9,96,-2.94443897916644,0,1,0,157,1,0,4.043051259
0.7,12,-2.94443897916644,1,0,0,157,1,0,3.610917909
0.9,24,-2.94443897916644,0,0,1,157,1,1,2.944438981
0.7,96,-2.94443897916644,1,0,1,157,1,1,2.890371747
0.5,48,-2.94443897916644,0,0,1,157,1,0,3.401197385
0.5,96,-2.94443897916644,1,1,1,157,1,0,2.639057294
0.7,12,-2.94443897916644,1,0,1,157,1,0,3.135494204
0.5,48,-2.94443897916644,1,1,0,158,1,1,4.976733747
0.9,24,-2.94443897916644,0,0,0,158,1,0,5.010635293
0.7,12,-2.94443897916644,0,0,0,158,1,0,4.962844627
0.3,12,-2.94443897916644,1,0,0,158,1,0,4.442651261
0.9,48,-2.94443897916644,1,1,0,158,1,1,3.988984047
0.7,12,-2.94443897916644,1,0,1,158,1,0,4.406719251
0.3,48,-2.94443897916644,1,0,1,158,1,0,5.010635293
0.5,48,-2.94443897916644,0,1,1,158,1,0,4.406719251
0.9,12,-2.94443897916644,1,0,1,158,1,1,3.401197385
0.9,96,-2.94443897916644,0,0,1,158,1,1,3.178053828
0.9,48,-2.94443897916644,0,0,1,159,1,1,2.302585075
0.7,96,-2.94443897916644,0,1,1,159,1,1,2.302585138
0.3,48,-2.94443897916644,1,0,1,159,1,0,3.367295825
0.3,96,-2.94443897916644,1,1,1,159,1,0,2.639057294
0.5,48,-2.94443897916644,0,0,1,159,1,1,2.708050225
0.7,48,-2.94443897916644,1,1,0,159,1,1,1.791759389
0.9,24,-2.94443897916644,1,0,0,159,1,1,2.07944154
0.9,48,-2.94443897916644,1,0,0,159,1,1,2.397895221
0.9,24,-2.94443897916644,0,0,0,159,1,0,2.639057294
0.7,48,-2.94443897916644,1,1,0,159,1,1,2.56494935
0.5,48,-2.94443897916644,0,1,1,160,1,0,6.49677499
0.7,12,-2.94443897916644,0,0,1,160,1,0,2.833213356
0.5,48,-2.94443897916644,1,0,1,160,1,1,2.833213356
0.5,24,-2.94443897916644,1,0,1,160,1,0,2.397895278
0.9,96,-2.94443897916644,1,0,1,160,1,0,2.07944154
0.3,96,-2.94443897916644,0,0,0,160,1,0,2.07944154
0.9,96,-2.94443897916644,1,1,0,160,1,0,1.945910113
0.9,48,-2.94443897916644,1,0,0,160,1,1,2.302585075
0.5,96,-2.94443897916644,0,0,0,160,0.5,0,2.639057294
0.5,96,-2.94443897916644,0,0,0,160,0.5,0,2.639057294
0.9,24,-2.94443897916644,0,0,1,160,1,1,2.07944154
0.7,24,-2.94443897916644,0,0,1,161,1,1,3.091042458
0.5,96,-2.94443897916644,1,1,1,161,1,1,2.397895278
0.5,12,-2.94443897916644,0,0,1,161,1,0,2.56494935
0.3,96,-2.94443897916644,0,0,1,161,1,1,2.995732287
0.9,48,-2.94443897916644,0,0,1,161,1,1,1.791759493
0.5,96,-2.94443897916644,1,1,0,161,1,0,3.97029191
0.9,24,-2.94443897916644,1,0,0,161,1,1,3.761200115
0.7,48,-2.94443897916644,0,1,0,161,1,0,2.995732287
0.5,24,-2.94443897916644,1,0,0,161,0.5,0,3.258096554
0.5,24,-2.94443897916644,1,0,0,161,0.5,0,3.258096554
0.3,24,-2.94443897916644,1,0,0,161,1,0,2.397895278
0.3,48,-2.94443897916644,0,0,0,165,1,0,5.068904198
0.7,96,-2.94443897916644,1,0,0,165,1,1,4.844187083
0.3,48,-2.94443897916644,1,0,0,165,1,0,5.123963981
0.9,48,-2.94443897916644,0,0,0,165,1,0,5.262690188
0.3,12,-2.94443897916644,0,0,0,165,1,0,4.248495242
0.7,48,-2.94443897916644,1,1,1,165,1,1,3.610917909
0.5,96,-2.94443897916644,0,1,1,165,1,1,3.555348062
0.7,48,-2.94443897916644,0,0,1,165,1,1,3.367295825
0.5,12,-2.94443897916644,0,0,1,165,1,0,3.555348062
0.3,12,-2.94443897916644,1,0,1,165,1,0,3.583518945
0.9,24,-2.94443897916644,0,0,0,167,1,0,2.77258872
0.9,96,-2.94443897916644,0,0,0,167,1,0,2.639057339
0.5,48,-2.94443897916644,0,1,0,167,1,0,2.77258872
0.9,12,-2.94443897916644,1,0,0,167,1,0,2.708050183
0.7,24,-2.94443897916644,1,0,0,167,0.5,0,2.708050225
0.7,24,-2.94443897916644,1,0,0,167,0.5,1,2.708050225
0.5,96,-2.94443897916644,0,0,1,167,1,1,2.302585138
0.5,48,-2.94443897916644,0,0,1,167,1,1,2.484906621
0.7,96,-2.94443897916644,1,0,1,167,1,0,2.302585075
0.3,24,-2.94443897916644,1,0,1,167,1,0,2.484906674
0.7,48,-2.94443897916644,0,0,1,167,1,0,2.197224602
0.7,24,-2.94443897916644,1,0,0,168,1,0,6.395261599
0.9,12,-2.94443897916644,1,0,0,168,1,1,4.158883081
0.5,96,-2.94443897916644,0,0,0,168,1,0,4.574710979
0.3,48,-2.94443897916644,0,0,0,168,1,1,5.25749537
0.3,96,-2.94443897916644,0,0,0,168,1,0,5.823045895
0.5,48,-2.94443897916644,1,1,1,168,1,0,3.091042458
0.3,48,-2.94443897916644,1,1,1,168,1,0,3.465735901
0.5,48,-2.94443897916644,0,1,1,168,1,1,3.465735901
0.9,24,-2.94443897916644,1,0,1,168,1,1,3.367295825
0.7,96,-2.94443897916644,1,0,1,168,1,1,3.555348062
0.9,48,-2.94443897916644,0,1,0,170,1,1,3.951243711
0.7,24,-2.94443897916644,0,0,0,170,1,1,4.897839799
0.7,48,-2.94443897916644,1,1,0,170,1,0,4.465908121
0.5,48,-2.94443897916644,1,1,0,170,1,0,4.418840607
0.3,12,-2.94443897916644,1,0,0,170,1,0,4.304065089
0.9,48,-2.94443897916644,1,1,1,170,1,1,2.708050225
0.9,48,-2.94443897916644,0,0,1,170,1,1,2.302585075
0.9,96,-2.94443897916644,1,0,1,170,1,1,3.367295825
0.3,48,-2.94443897916644,0,1,1,170,1,0,3.433987215
0.3,48,-2.94443897916644,1,1,1,170,1,0,2.708050225
0.7,12,-2.94443897916644,1,0,0,171,1,0,2.397895278
0.9,48,-2.94443897916644,1,0,0,171,1,0,2.197224602
0.5,96,-2.94443897916644,0,1,0,171,1,0,2.197224602
0.9,96,-2.94443897916644,1,0,0,171,1,0,2.197224602
0.3,96,-2.94443897916644,1,0,0,171,1,0,3.433987195
0.3,96,-2.94443897916644,1,0,1,171,1,0,2.56494935
0.5,48,-2.94443897916644,0,1,1,171,1,0,2.397895278
0.9,96,-2.94443897916644,0,0,1,171,1,1,2.56494935
0.7,48,-2.94443897916644,0,0,1,171,1,0,2.397895278
0.5,24,-2.94443897916644,1,0,1,171,1,0,2.197224602
0.3,24,-2.94443897916644,0,0,1,176,1,0,4.174387272
0.7,48,-2.94443897916644,1,0,1,176,1,1,2.833213356
0.5,48,-2.94443897916644,1,0,1,176,1,1,2.77258872
0.9,96,-2.94443897916644,1,1,1,176,1,1,3.637586162
0.3,96,-2.94443897916644,0,0,1,176,1,0,4.394449156
0.9,96,-2.94443897916644,1,1,0,176,1,1,2.944438981
0.9,96,-2.94443897916644,1,0,0,176,1,1,3.25809653
0.5,96,-2.94443897916644,0,0,0,176,1,0,3.988984047
0.7,96,-2.94443897916644,0,1,0,176,1,0,4.574710979
0.3,12,-2.94443897916644,1,0,0,176,0.5,0,4.143134731
0.3,12,-2.94443897916644,1,0,0,176,0.5,0,4.143134731
0.3,48,-2.94443897916644,0,0,1,177,1,0,3.850147595
0.7,24,-2.94443897916644,1,0,1,177,1,0,3.295836867
0.3,48,-2.94443897916644,0,0,1,177,1,0,3.295836867
0.3,24,-2.94443897916644,1,0,1,177,1,0,4.709530197
0.9,96,-2.94443897916644,0,1,1,177,1,1,3.526360518
0.3,48,-2.94443897916644,0,0,0,177,1,0,3.496507548
0.9,12,-2.94443897916644,1,0,0,177,1,0,3.465735901
0.5,12,-2.94443897916644,1,0,0,177,1,0,3.828641398
0.9,96,-2.94443897916644,0,1,0,177,1,0,4.04305127
0.5,48,-2.94443897916644,0,1,0,177,1,0,2.484906674
0.9,96,-2.94443897916644,0,1,1,178,1,1,3.610917909
0.9,24,-2.94443897916644,0,0,1,178,1,1,3.496507567
0.5,48,-2.94443897916644,1,0,1,178,1,0,4.543294782
0.3,96,-2.94443897916644,1,0,1,178,1,0,3.850147608
0.7,48,-2.94443897916644,1,0,1,178,1,1,5.493061444
0.3,48,-2.94443897916644,1,0,0,178,1,0,3.891820301
0.3,24,-2.94443897916644,1,0,0,178,1,0,3.135494204
0.5,12,-2.94443897916644,0,0,0,178,1,0,3.09104243
0.5,96,-2.94443897916644,1,1,0,178,1,0,3.332204497
0.5,24,-2.94443897916644,0,0,0,178,1,0,3.433987215
0.5,48,-2.94443897916644,1,1,0,180,1,0,2.890371782
0.9,96,-2.94443897916644,1,1,0,180,1,0,2.77258872
0.7,48,-2.94443897916644,1,1,0,180,1,1,2.484906621
0.9,48,-2.94443897916644,1,1,0,180,1,0,3.091042458
0.9,96,-2.94443897916644,0,0,0,180,1,0,2.708050183
0.3,24,-2.94443897916644,1,0,1,180,1,0,3.496507548
0.5,48,-2.94443897916644,1,0,1,180,1,0,3.496507548
0.7,12,-2.94443897916644,0,0,1,180,1,1,3.135494204
0.9,12,-2.94443897916644,0,0,1,180,1,0,3.295836867
0.9,48,-2.94443897916644,0,0,1,180,1,0,3.044522462
0.7,12,-2.94443897916644,0,0,1,181,1,0,3.496507567
0.3,24,-2.94443897916644,0,0,1,181,1,0,4.48863637
0.3,24,-2.94443897916644,0,0,1,181,1,0,3.637586162
0.7,96,-2.94443897916644,1,1,1,181,1,1,2.56494935
0.9,96,-2.94443897916644,0,0,1,181,1,1,2.56494935
0.5,48,-2.94443897916644,0,0,0,181,1,0,3.688879452
0.7,24,-2.94443897916644,1,0,0,181,1,1,3.496507567
0.9,96,-2.94443897916644,0,0,0,181,1,0,3.526360518
0.3,48,-2.94443897916644,1,1,0,181,1,0,3.218875807
0.9,12,-2.94443897916644,0,0,0,181,1,0,3.332204497
0.7,24,-2.94443897916644,0,0,1,184,1,1,3.367295825
0.3,48,-2.94443897916644,0,1,1,184,1,0,3.091042458
0.9,96,-2.94443897916644,1,0,1,184,1,1,1.945910113
0.5,48,-2.94443897916644,0,0,1,184,1,0,3.433987215
0.9,12,-2.94443897916644,1,0,1,184,1,1,1.945910203
0.5,96,-2.94443897916644,0,1,0,184,1,1,3.178053828
0.7,48,-2.94443897916644,0,1,0,184,1,1,3.433987215
0.9,96,-2.94443897916644,0,0,0,184,1,0,3.178053828
0.5,96,-2.94443897916644,0,0,0,184,1,0,3.526360518
0.5,24,-2.94443897916644,0,0,0,184,1,0,3.637586162
0.3,12,-2.94443897916644,1,0,1,185,1,0,2.833213356
0.7,48,-2.94443897916644,1,0,1,185,1,1,3.295836867
0.5,96,-2.94443897916644,0,1,1,185,1,0,3.583518945
0.3,96,-2.94443897916644,0,1,1,185,1,0,3.295836867
0.9,96,-2.94443897916644,1,0,1,185,1,1,2.833213356
0.3,12,-2.94443897916644,1,0,0,185,1,0,3.806662486
0.7,96,-2.94443897916644,0,0,0,185,1,0,3.332204519
0.5,96,-2.94443897916644,1,0,0,185,1,0,2.890371747
0.3,12,-2.94443897916644,0,0,0,185,1,0,3.526360518
0.9,12,-2.94443897916644,1,0,0,185,1,1,2.708050225
0.3,96,-2.94443897916644,0,1,1,186,1,1,3.401197385
0.5,96,-2.94443897916644,0,0,1,186,1,0,3.09104243
0.9,12,-2.94443897916644,1,0,1,186,1,1,2.484906621
0.7,12,-2.94443897916644,1,0,1,186,1,0,3.496507548
0.3,48,-2.94443897916644,1,0,1,186,1,0,2.302585075
0.5,48,-2.94443897916644,1,0,0,186,1,1,3.951243723
0.5,96,-2.94443897916644,1,1,0,186,0.5,0,3.637586162
0.5,96,-2.94443897916644,1,1,0,186,0.5,0,3.637586162
0.3,48,-2.94443897916644,1,0,0,186,1,0,2.484906674
0.5,96,-2.94443897916644,1,0,0,186,1,0,3.401197385
0.5,96,-2.94443897916644,1,1,0,186,1,1,2.995732287
0.5,48,-2.94443897916644,1,0,1,187,1,1,2.995732287
0.3,24,-2.94443897916644,0,0,1,187,1,0,3.496507567
0.9,24,-2.94443897916644,0,0,1,187,1,1,2.833213319
0.3,12,-2.94443897916644,0,0,1,187,1,0,2.890371747
0.9,96,-2.94443897916644,1,1,1,187,1,1,3.044522432
0.5,96,-2.94443897916644,1,0,0,187,1,1,2.890371782
0.7,24,-2.94443897916644,1,0,0,187,1,1,3.526360518
0.9,48,-2.94443897916644,1,0,0,187,1,1,2.77258872
0.3,48,-2.94443897916644,0,0,0,187,1,0,3.135494204
0.7,12,-2.94443897916644,0,0,0,187,1,0,2.890371747
0.9,48,-2.94443897916644,1,0,0,188,1,0,2.07944154
0.9,24,-2.94443897916644,1,0,0,188,0.5,0,2.484906621
0.9,24,-2.94443897916644,1,0,0,188,0.5,1,2.484906621
0.3,12,-2.94443897916644,1,0,0,188,1,0,2.833213356
0.5,48,-2.94443897916644,0,0,0,188,1,0,2.484906674
0.5,48,-2.94443897916644,0,0,0,188,1,0,2.07944154
0.3,96,-2.94443897916644,0,0,1,188,1,1,2.708050183
0.3,48,-2.94443897916644,1,1,1,188,0.5,0,2.708050183
0.3,48,-2.94443897916644,1,1,1,188,0.5,0,2.708050183
0.9,48,-2.94443897916644,0,0,1,188,1,1,1.386294438
0.5,12,-2.94443897916644,1,0,1,188,1,0,2.484906674
0.7,12,-2.94443897916644,0,0,1,188,1,0,1.945910113
0.9,96,-2.94443897916644,0,1,0,189,1,1,3.135494231
0.7,12,-2.94443897916644,1,0,0,189,1,0,2.56494935
0.7,48,-2.94443897916644,0,1,0,189,1,0,1.791759493
0.9,48,-2.94443897916644,0,0,0,189,1,0,3.218875832
0.7,24,-2.94443897916644,0,0,0,189,1,0,1.791759389
0.7,96,-2.94443897916644,0,1,1,189,1,1,1.945910113
0.5,96,-2.94443897916644,1,1,1,189,1,1,2.197224532
0.5,48,-2.94443897916644,1,0,1,189,1,0,3.8066625
0.3,96,-2.94443897916644,0,1,1,189,1,0,1.945910113
0.3,12,-2.94443897916644,1,0,1,189,1,0,2.397895278
0.9,12,-2.94443897916644,0,0,1,191,1,1,2.197224602
0.5,12,-2.94443897916644,1,0,1,191,1,1,2.77258872
0.7,12,-2.94443897916644,1,0,1,191,1,0,2.708050183
0.7,96,-2.94443897916644,1,0,1,191,1,1,2.708050183
0.3,48,-2.94443897916644,1,1,1,191,1,0,2.397895278
0.7,48,-2.94443897916644,1,0,0,191,1,0,3.610917926
0.9,96,-2.94443897916644,1,0,0,191,1,1,2.197224602
0.3,96,-2.94443897916644,1,0,0,191,1,1,3.135494204
0.7,48,-2.94443897916644,1,0,0,191,1,1,2.833213319
0.9,24,-2.94443897916644,0,0,0,191,1,0,2.708050183
0.3,12,-2.94443897916644,1,0,1,192,1,0,4.276666117
0.9,96,-2.94443897916644,1,1,1,192,1,1,3.09104243
0.7,96,-2.94443897916644,1,0,1,192,1,1,3.433987215
0.7,12,-2.94443897916644,0,0,1,192,1,0,4.276666117
0.9,48,-2.94443897916644,1,0,1,192,1,1,2.197224532
0.5,12,-2.94443897916644,1,0,0,192,1,0,4.941642423
0.7,48,-2.94443897916644,1,1,0,192,1,1,3.951243723
0.5,12,-2.94443897916644,0,0,0,192,1,0,4.158883081
0.9,48,-2.94443897916644,1,0,0,192,1,1,4.025351689
0.5,96,-2.94443897916644,0,1,0,192,1,1,3.135494204
0.9,48,-2.94443897916644,0,0,1,193,1,1,2.995732256
0.5,48,-2.94443897916644,0,0,1,193,1,0,3.367295825
0.5,12,-2.94443897916644,1,0,1,193,1,0,3.433987195
0.9,48,-2.94443897916644,0,0,1,193,1,1,2.484906674
0.3,48,-2.94443897916644,0,1,1,193,1,0,2.708050225
0.7,96,-2.94443897916644,1,0,0,193,1,1,3.135494204
0.7,96,-2.94443897916644,1,1,0,193,1,1,2.397895278
0.3,48,-2.94443897916644,1,0,0,193,1,0,3.401197385
0.9,96,-2.94443897916644,1,1,0,193,1,1,2.397895278
0.3,24,-2.94443897916644,1,0,0,193,1,0,2.708050225
0.7,48,-2.94443897916644,1,1,0,194,1,1,3.526360518
0.3,48,-2.94443897916644,0,0,0,194,1,1,4.262679881
0.5,12,-2.94443897916644,0,0,0,194,1,0,4.060443017
0.5,24,-2.94443897916644,1,0,0,194,1,0,3.663561654
0.7,48,-2.94443897916644,0,0,0,194,0.5,1,5.587248659
0.7,48,-2.94443897916644,0,0,0,194,0.5,0,5.587248659
0.7,96,-2.94443897916644,0,0,1,194,1,1,2.77258872
0.9,12,-2.94443897916644,1,0,1,194,1,1,2.56494935
0.7,96,-2.94443897916644,0,1,1,194,1,1,2.197224602
0.5,96,-2.94443897916644,0,0,1,194,1,1,2.77258872
0.5,96,-2.94443897916644,0,0,1,194,1,0,3.332204519
0.7,48,-2.94443897916644,1,1,1,195,1,0,3.465735901
0.7,96,-2.94443897916644,1,1,1,195,1,0,4.189654747
0.3,96,-2.94443897916644,1,1,1,195,1,0,2.77258872
0.3,48,-2.94443897916644,0,0,1,195,1,1,2.833213319
0.7,12,-2.94443897916644,1,0,1,195,1,0,3.367295825
0.9,96,-2.94443897916644,1,1,0,195,1,1,3.688879452
0.9,48,-2.94443897916644,1,0,0,195,1,1,3.258096554
0.7,96,-2.94443897916644,0,1,0,195,1,0,3.951243723
0.5,96,-2.94443897916644,0,0,0,195,1,0,3.912023
0.7,48,-2.94443897916644,1,1,0,195,1,1,4.204692619
0.9,12,-2.94443897916644,0,0,0,196,1,0,4.290459442
0.5,96,-2.94443897916644,1,1,0,196,1,0,3.044522432
0.9,48,-2.94443897916644,1,1,0,196,1,0,2.890371747
0.9,48,-2.94443897916644,0,1,0,196,1,1,3.465735901
0.7,24,-2.94443897916644,0,0,0,196,1,0,3.850147595
0.9,96,-2.94443897916644,1,0,1,196,1,1,2.833213356
0.3,24,-2.94443897916644,1,0,1,196,1,1,3.610917909
0.3,96,-2.94443897916644,1,1,1,196,1,0,2.944438981
0.5,12,-2.94443897916644,1,0,1,196,1,0,4.543294782
0.7,48,-2.94443897916644,0,0,1,196,1,1,3.258096554
0.5,96,-2.94443897916644,0,0,1,197,1,0,4.897839799
0.7,48,-2.94443897916644,1,1,0,197,1,1,3.135494231
0.5,12,-2.94443897916644,1,0,0,197,1,1,3.891820301
0.9,48,-2.94443897916644,0,0,0,197,1,0,4.127134386
0.3,96,-2.94443897916644,0,1,0,197,1,0,3.891820301
0.5,48,-2.94443897916644,1,0,1,197,0.5,0,4.189654747
0.5,48,-2.94443897916644,1,0,1,197,0.5,1,4.189654747
0.3,24,-2.94443897916644,0,0,1,197,1,0,4.094344555
0.5,96,-2.94443897916644,0,0,1,197,1,0,3.931825632
0.7,96,-2.94443897916644,0,1,1,197,1,1,2.833213356
0.3,12,-2.94443897916644,0,0,1,197,1,0,4.276666117
0.5,96,-2.94443897916644,1,1,1,198,1,0,4.248495242
0.7,48,-2.94443897916644,1,0,1,198,1,1,3.496507548
0.9,12,-2.94443897916644,1,0,1,198,1,1,3.332204519
0.7,96,-2.94443897916644,1,0,1,198,1,1,3.688879468
0.3,12,-2.94443897916644,0,0,1,198,1,0,3.912023
0.9,48,-2.94443897916644,0,0,0,198,1,0,3.663561654
0.3,48,-2.94443897916644,1,0,0,198,1,0,3.931825645
0.9,96,-2.94443897916644,1,0,0,198,1,1,3.295836867
0.3,24,-2.94443897916644,0,0,0,198,1,0,3.367295847
0.5,12,-2.94443897916644,0,0,0,198,1,0,4.510859505
0.9,48,-2.94443897916644,1,0,1,199,1,1,2.833213319
0.7,96,-2.94443897916644,0,1,1,199,1,1,2.708050183
0.3,96,-2.94443897916644,1,0,1,199,1,1,3.737669613
0.3,96,-2.94443897916644,1,0,1,199,1,1,3.496507567
0.3,12,-2.94443897916644,0,0,1,199,1,0,3.465735901
0.5,48,-2.94443897916644,0,1,0,199,1,0,4.110873871
0.7,12,-2.94443897916644,1,0,0,199,1,0,3.912023
0.9,12,-2.94443897916644,1,0,0,199,1,1,3.135494231
0.9,24,-2.94443897916644,0,0,0,199,1,1,4.682131228
0.3,24,-2.94443897916644,1,0,0,199,1,0,3.737669613
0.3,48,-2.94443897916644,1,1,1,200,0.5,1,4.077537443
0.3,48,-2.94443897916644,1,1,1,200,0.5,0,4.077537443
0.7,96,-2.94443897916644,0,1,1,200,1,1,3.218875832
0.3,96,-2.94443897916644,0,0,1,200,1,0,3.951243711
0.3,12,-2.94443897916644,0,0,1,200,1,0,4.744932127
0.3,12,-2.94443897916644,1,0,1,200,1,0,3.583518945
0.9,24,-2.94443897916644,0,0,0,200,1,0,4.691347885
0.7,24,-2.94443897916644,1,0,0,200,1,0,3.610917909
0.5,48,-2.94443897916644,1,0,0,200,1,1,4.248495242
0.7,24,-2.94443897916644,0,0,0,200,1,0,4.820281566
0.7,48,-2.94443897916644,0,1,0,200,1,0,4.406719251
0.3,96,-2.94443897916644,1,0,1,202,1,1,3.367295825
0.9,96,-2.94443897916644,1,1,1,202,1,1,2.56494935
0.9,96,-2.94443897916644,1,1,1,202,1,1,3.850147595
0.3,48,-2.94443897916644,1,0,1,202,1,0,3.988984047
0.3,96,-2.94443897916644,0,1,1,202,1,0,3.850147608
0.3,24,-2.94443897916644,0,0,1,202,1,0,3.091042458
0.7,48,-2.94443897916644,0,1,0,202,1,0,4.574710979
0.5,12,-2.94443897916644,0,0,0,202,1,0,4.043051259
0.5,48,-2.94443897916644,1,0,0,202,1,1,3.583518945
0.7,96,-2.94443897916644,1,0,0,202,1,1,5.062595032
0.3,48,-2.94443897916644,1,1,1,204,1,0,2.890371747
0.7,48,-2.94443897916644,0,0,1,204,1,1,2.77258872
0.5,96,-2.94443897916644,1,0,1,204,0.5,1,3.25809653
0.5,96,-2.94443897916644,1,0,1,204,0.5,0,3.25809653
0.5,24,-2.94443897916644,1,0,1,204,1,0,2.944438981
0.7,48,-2.94443897916644,1,0,1,204,1,1,2.197224602
0.7,24,-2.94443897916644,1,0,0,204,1,0,3.761200115
0.3,96,-2.94443897916644,1,1,0,204,1,1,3.637586162
0.3,12,-2.94443897916644,1,0,0,204,1,0,3.367295847
0.9,96,-2.94443897916644,0,0,0,204,0.25,0,3.761200115
0.9,96,-2.94443897916644,0,0,0,204,0.25,0,3.761200115
0.9,96,-2.94443897916644,0,0,0,204,0.25,0,3.761200115
0.9,96,-2.94443897916644,0,0,0,204,0.25,0,3.761200115
0.5,96,-2.94443897916644,0,0,0,204,1,0,2.995732287
0.5,48,-2.94443897916644,0,0,0,206,1,0,4.691347885
0.9,96,-2.94443897916644,0,0,0,206,1,0,3.178053828
0.9,24,-2.94443897916644,0,0,0,206,1,0,3.178053828
0.3,96,-2.94443897916644,0,0,0,206,1,0,4.234106501
0.7,12,-2.94443897916644,1,0,0,206,1,1,3.583518928
0.5,24,-2.94443897916644,1,0,1,206,1,0,2.56494935
0.7,96,-2.94443897916644,0,1,1,206,1,1,2.302585075
0.3,24,-2.94443897916644,0,0,1,206,1,0,2.639057339
0.5,48,-2.94443897916644,1,0,1,206,1,1,2.197224602
0.7,48,-2.94443897916644,0,1,1,206,1,0,2.397895278
0.5,48,-2.94443897916644,1,0,0,207,0.2,1,5.003946308
0.5,48,-2.94443897916644,1,0,0,207,0.2,0,5.003946308
0.5,48,-2.94443897916644,1,0,0,207,0.2,0,5.003946308
0.5,48,-2.94443897916644,1,0,0,207,0.2,0,5.003946308
0.5,48,-2.94443897916644,1,0,0,207,0.2,0,5.003946308
0.3,48,-2.94443897916644,0,0,0,207,1,0,3.761200115
0.5,96,-2.94443897916644,0,0,0,207,1,0,2.639057339
0.7,24,-2.94443897916644,1,0,0,207,1,1,3.295836867
0.5,12,-2.94443897916644,0,0,0,207,1,0,3.931825632
0.3,48,-2.94443897916644,0,1,1,207,1,0,3.761200115
0.3,48,-2.94443897916644,1,0,1,207,1,0,3.71357207
0.3,48,-2.94443897916644,0,0,1,207,1,0,3.583518945
0.9,48,-2.94443897916644,0,0,1,207,1,1,2.56494935
0.5,24,-2.94443897916644,1,0,0,207,1,0,2.77258872
0.5,96,-2.94443897916644,0,1,1,208,1,0,5.587248659
0.7,96,-2.94443897916644,0,1,1,208,1,1,3.465735901
0.3,96,-2.94443897916644,0,1,1,208,1,0,3.806662486
0.9,12,-2.94443897916644,0,0,1,208,1,1,3.912023
0.7,24,-2.94443897916644,0,0,1,208,1,0,3.332204497
0.5,24,-2.94443897916644,0,0,0,208,1,0,2.833213319
0.5,96,-2.94443897916644,1,0,0,208,1,0,3.688879452
0.9,24,-2.94443897916644,1,0,0,208,1,1,3.295836867
0.9,48,-2.94443897916644,0,1,0,208,1,1,2.833213356
0.3,96,-2.94443897916644,0,1,0,208,0.5,0,3.433987215
0.3,96,-2.94443897916644,0,1,0,208,0.5,0,3.433987215
0.5,12,-2.94443897916644,1,0,1,209,1,0,3.850147595
0.7,48,-2.94443897916644,1,1,1,209,1,1,3.25809653
0.7,48,-2.94443897916644,0,0,1,209,1,1,3.218875832
0.9,48,-2.94443897916644,1,1,1,209,1,1,2.995732256
0.3,48,-2.94443897916644,0,0,1,209,1,0,3.526360518
0.9,96,-2.94443897916644,0,0,0,209,0.5,0,4.867534447
0.9,96,-2.94443897916644,0,0,0,209,0.5,0,4.867534447
0.9,48,-2.94443897916644,0,1,0,209,1,1,3.828641398
0.3,96,-2.94443897916644,1,0,0,209,1,1,3.8066625
0.3,48,-2.94443897916644,0,1,0,209,1,0,3.433987195
0.7,24,-2.94443897916644,0,0,0,209,1,1,4.110873861
0.5,12,-2.94443897916644,1,0,0,210,0.2,0,3.988984047
0.5,12,-2.94443897916644,1,0,0,210,0.2,0,3.988984047
0.5,12,-2.94443897916644,1,0,0,210,0.2,0,3.988984047
0.5,12,-2.94443897916644,1,0,0,210,0.2,0,3.988984047
0.5,12,-2.94443897916644,1,0,0,210,0.2,0,3.988984047
0.3,24,-2.94443897916644,0,0,0,210,0.166666666666667,0,4.304065089
0.3,24,-2.94443897916644,0,0,0,210,0.166666666666667,0,4.304065089
0.3,24,-2.94443897916644,0,0,0,210,0.166666666666667,0,4.304065089
0.3,24,-2.94443897916644,0,0,0,210,0.166666666666667,0,4.304065089
0.3,24,-2.94443897916644,0,0,0,210,0.166666666666667,0,4.304065089
0.3,24,-2.94443897916644,0,0,0,210,0.166666666666667,1,4.304065089
0.5,24,-2.94443897916644,0,0,0,210,0.125,0,3.97029191
0.5,24,-2.94443897916644,0,0,0,210,0.125,0,3.97029191
0.5,24,-2.94443897916644,0,0,0,210,0.125,0,3.97029191
0.5,24,-2.94443897916644,0,0,0,210,0.125,0,3.97029191
0.5,24,-2.94443897916644,0,0,0,210,0.125,0,3.97029191
0.5,24,-2.94443897916644,0,0,0,210,0.125,1,3.97029191
0.5,24,-2.94443897916644,0,0,0,210,0.125,0,3.97029191
0.5,24,-2.94443897916644,0,0,0,210,0.125,0,3.97029191
0.7,96,-2.94443897916644,1,0,0,210,0.2,0,4.127134386
0.7,96,-2.94443897916644,1,0,0,210,0.2,0,4.127134386
0.7,96,-2.94443897916644,1,0,0,210,0.2,0,4.127134386
0.7,96,-2.94443897916644,1,0,0,210,0.2,0,4.127134386
0.7,96,-2.94443897916644,1,0,0,210,0.2,0,4.127134386
0.3,96,-2.94443897916644,0,0,0,210,0.2,0,3.784189625
0.3,96,-2.94443897916644,0,0,0,210,0.2,1,3.784189625
0.3,96,-2.94443897916644,0,0,0,210,0.2,0,3.784189625
0.3,96,-2.94443897916644,0,0,0,210,0.2,0,3.784189625
0.3,96,-2.94443897916644,0,0,0,210,0.2,0,3.784189625
0.7,12,-2.94443897916644,0,0,1,210,0.25,1,3.970291922
0.7,12,-2.94443897916644,0,0,1,210,0.25,0,3.970291922
0.7,12,-2.94443897916644,0,0,1,210,0.25,0,3.970291922
0.7,12,-2.94443897916644,0,0,1,210,0.25,0,3.970291922
0.7,12,-2.94443897916644,0,0,1,210,0.25,0,3.218875832
0.7,12,-2.94443897916644,0,0,1,210,0.25,0,3.218875832
0.7,12,-2.94443897916644,0,0,1,210,0.25,0,3.218875832
0.7,12,-2.94443897916644,0,0,1,210,0.25,0,3.218875832
0.3,96,-2.94443897916644,1,0,1,210,0.25,0,3.367295825
0.3,96,-2.94443897916644,1,0,1,210,0.25,0,3.367295825
0.3,96,-2.94443897916644,1,0,1,210,0.25,1,3.367295825
0.3,96,-2.94443897916644,1,0,1,210,0.25,0,3.367295825
0.9,96,-2.94443897916644,0,1,1,210,0.25,0,3.526360518
0.9,96,-2.94443897916644,0,1,1,210,0.25,1,3.526360518
0.9,96,-2.94443897916644,0,1,1,210,0.25,0,3.526360518
0.9,96,-2.94443897916644,0,1,1,210,0.25,0,3.526360518
0.3,48,-2.94443897916644,1,1,1,210,0.25,0,3.332204497
0.3,48,-2.94443897916644,1,1,1,210,0.25,0,3.332204497
0.3,48,-2.94443897916644,1,1,1,210,0.25,0,3.332204497
0.3,48,-2.94443897916644,1,1,1,210,0.25,0,3.332204497
0.5,48,-2.94443897916644,1,1,1,212,1,0,3.610917909
0.3,48,-2.94443897916644,0,0,1,212,1,0,2.995732256
0.9,24,-2.94443897916644,1,0,1,212,1,1,3.09104243
0.5,48,-2.94443897916644,0,1,1,212,1,1,2.890371782
0.3,96,-2.94443897916644,1,0,0,212,1,0,2.708050225
0.7,96,-2.94443897916644,0,0,0,212,1,0,2.77258872
0.9,48,-2.94443897916644,1,1,0,212,1,0,3.465735901
0.3,96,-2.94443897916644,1,1,0,212,1,0,2.995732287
0.9,12,-2.94443897916644,1,0,0,212,1,0,3.295836867
0.3,12,-2.94443897916644,1,0,0,212,1,0,2.890371747
