pic_id,position,1,2,3,4,5,6,7,8,9,10,11,12,13,14,15,16,17,18,19,20
1,3,-0.655174652,-0.667341261,-0.903131322,0.342285824,0.440404942,0.306993528,-0.027049815,0.418550695,0.091864609,-0.268499244,-0.4134211,-0.312900781,0.667025448,-0.078944906,-0.412794381,0.081203189,-0.732430186,-0.473269283,-0.114650366,-0.298667768
2,3,-0.655174652,-0.667341261,-0.903131322,0.342285824,0.440404942,0.306993528,-0.027049815,0.418550695,0.091864609,-0.268499244,-0.4134211,-0.312900781,0.667025448,-0.078944906,-0.412794381,0.081203189,-0.732430186,-0.473269283,-0.114650366,-0.298667768
3,3,-0.382346611,-0.472906858,-0.899675221,-0.103799535,0.159460255,-0.14931631,0.401386996,0.461911748,-0.094638399,-0.16418784,0.458687023,-0.063791416,-0.061769325,-0.40136992,0.561625876,0.588556386,0.091897874,0.47861899,-0.115663679,-0.60059548
4,3,-0.382346611,-0.472906858,-0.899675221,-0.103799535,0.159460255,-0.14931631,0.401386996,0.461911748,-0.094638399,-0.16418784,0.458687023,-0.063791416,-0.061769325,-0.40136992,0.561625876,0.588556386,0.091897874,0.47861899,-0.115663679,-0.60059548
5,17,-0.018729629,-0.002949245,-0.400863741,-0.287659576,-0.077828209,0.000450391,-0.025073826,0.39077041,-0.357085696,0.098542652,0.546708884,0.062622206,-0.198068661,-0.19695166,0.54881202,0.234624421,-0.906041852,-0.50701875,-0.457483172,0.374496007
6,17,-0.018729629,-0.002949245,-0.400863741,-0.287659576,-0.077828209,0.000450391,-0.025073826,0.39077041,-0.357085696,0.098542652,0.546708884,0.062622206,-0.198068661,-0.19695166,0.54881202,0.234624421,-0.906041852,-0.50701875,-0.457483172,0.374496007
7,11,-0.311361252,-0.093885887,-0.006805776,0.086494205,0.333571033,0.259282973,0.082149984,0.148658071,0.474537013,0.273386537,-0.712432222,-0.020474368,-0.474899792,-0.01841802,0.192335134,0.563969095,0.170017173,-0.16560066,-0.385701526,-0.497678205
8,11,-0.311361252,-0.093885887,-0.006805776,0.086494205,0.333571033,0.259282973,0.082149984,0.148658071,0.474537013,0.273386537,-0.712432222,-0.020474368,-0.474899792,-0.01841802,0.192335134,0.563969095,0.170017173,-0.16560066,-0.385701526,-0.497678205
9,8,0.228363455,0.264057584,0.105013735,0.169415451,0.373931006,-0.266897555,-0.284782924,-0.706818673,0.350163697,-0.074397952,0.001986242,-0.214704556,0.224701328,0.428480052,-0.273210332,0.063060471,-0.671109212,-0.074355806,-0.184366551,-0.481136765
10,8,0.228363455,0.264057584,0.105013735,0.169415451,0.373931006,-0.266897555,-0.284782924,-0.706818673,0.350163697,-0.074397952,0.001986242,-0.214704556,0.224701328,0.428480052,-0.273210332,0.063060471,-0.671109212,-0.074355806,-0.184366551,-0.481136765
11,2,-0.233860832,-0.712848424,0.064731643,-0.033806575,0.26111166,-0.616839543,0.233317684,0.131630232,-0.047959334,-0.21775999,-0.474987573,-0.350901559,-0.100952438,-0.597281407,-0.179638553,-0.072009978,-0.221061695,-0.136236332,0.068230868,-0.165404444
12,2,-0.233860832,-0.712848424,0.064731643,-0.033806575,0.26111166,-0.616839543,0.233317684,0.131630232,-0.047959334,-0.21775999,-0.474987573,-0.350901559,-0.100952438,-0.597281407,-0.179638553,-0.072009978,-0.221061695,-0.136236332,0.068230868,-0.165404444
13,5,-0.077958003,-0.421177469,-0.363063726,0.568478747,-0.307076754,-0.611407475,-0.101818704,-0.26769257,0.292330279,0.052221539,-0.614558774,-0.164490394,0.251812072,-0.472194724,0.228341766,0.117020257,-0.041599845,-0.277208769,0.41287185,0.418987462
14,5,-0.077958003,-0.421177469,-0.363063726,0.568478747,-0.307076754,-0.611407475,-0.101818704,-0.26769257,0.292330279,0.052221539,-0.614558774,-0.164490394,0.251812072,-0.472194724,0.228341766,0.117020257,-0.041599845,-0.277208769,0.41287185,0.418987462
15,7,-0.034758052,0.088882692,-0.372776777,0.065773972,0.199034895,-0.610811793,-0.507081219,0.126738453,-0.187522784,-0.507587537,-0.520636935,-0.327347933,0.583237764,-0.113539651,0.127465963,-0.111089781,-0.405021352,0.211980831,0.131061849,-0.103620693
16,7,-0.034758052,0.088882692,-0.372776777,0.065773972,0.199034895,-0.610811793,-0.507081219,0.126738453,-0.187522784,-0.507587537,-0.520636935,-0.327347933,0.583237764,-0.113539651,0.127465963,-0.111089781,-0.405021352,0.211980831,0.131061849,-0.103620693
17,10,-0.571079981,-0.400823486,0.226544711,-0.290489488,-0.074542393,-0.397437157,-0.441100639,0.279019496,-0.165050037,-0.294654381,-0.481055476,-0.373700224,-0.140995198,-0.206041568,0.080542673,-0.07339159,0.402289125,-0.119081564,-0.483119978,-0.015873964
18,10,-0.571079981,-0.400823486,0.226544711,-0.290489488,-0.074542393,-0.397437157,-0.441100639,0.279019496,-0.165050037,-0.294654381,-0.481055476,-0.373700224,-0.140995198,-0.206041568,0.080542673,-0.07339159,0.402289125,-0.119081564,-0.483119978,-0.015873964
19,2,0.317989614,-0.507334098,0.072282982,0.191645271,0.24551907,0.118830652,0.173320574,-0.070296227,-0.584202456,-0.000882338,0.251100165,-0.150494943,0.335007891,-0.420021987,0.333748233,-0.525532799,0.376322706,-0.174806715,0.335634842,0.180448016
20,2,0.317989614,-0.507334098,0.072282982,0.191645271,0.24551907,0.118830652,0.173320574,-0.070296227,-0.584202456,-0.000882338,0.251100165,-0.150494943,0.335007891,-0.420021987,0.333748233,-0.525532799,0.376322706,-0.174806715,0.335634842,0.180448016
21,7,0.200181774,0.239458046,0.198271604,0.343737165,0.331010211,-0.571400703,-0.306112885,-0.156127457,-0.208564291,0.244290866,-0.827552894,0.162704448,-0.533412733,0.248213711,0.131832146,-0.39981016,-0.091426633,0.185350436,0.079163762,-0.131175219
22,7,0.200181774,0.239458046,0.198271604,0.343737165,0.331010211,-0.571400703,-0.306112885,-0.156127457,-0.208564291,0.244290866,-0.827552894,0.162704448,-0.533412733,0.248213711,0.131832146,-0.39981016,-0.091426633,0.185350436,0.079163762,-0.131175219
23,11,-0.268648714,0.023243144,0.261523228,0.321566416,-0.50374815,0.197901259,0.429504305,0.212143125,-0.498361122,0.711396147,-0.492802717,0.154691454,0.478442795,-0.25370998,-0.376344965,0.564902085,-0.265632924,0.511400455,0.53225353,0.373529494
24,11,-0.268648714,0.023243144,0.261523228,0.321566416,-0.50374815,0.197901259,0.429504305,0.212143125,-0.498361122,0.711396147,-0.492802717,0.154691454,0.478442795,-0.25370998,-0.376344965,0.564902085,-0.265632924,0.511400455,0.53225353,0.373529494
25,8,-0.342844433,0.445076118,-0.02075118,0.075186385,0.103938333,-0.455182236,-0.076055594,0.492651787,-0.419801655,-0.101874027,-0.398323083,0.037117876,0.113375412,0.006506698,0.069746344,-0.045738568,-0.265504895,-0.177760712,0.164747076,0.101971635
26,8,-0.342844433,0.445076118,-0.02075118,0.075186385,0.103938333,-0.455182236,-0.076055594,0.492651787,-0.419801655,-0.101874027,-0.398323083,0.037117876,0.113375412,0.006506698,0.069746344,-0.045738568,-0.265504895,-0.177760712,0.164747076,0.101971635
27,14,-0.401190352,0.10654808,0.373498552,0.153182141,0.104047416,-0.7162746,-0.20932213,0.581887871,0.102335845,0.710546041,-0.189608845,-0.042704495,0.098586296,0.289451744,-0.136855679,0.160930358,0.21698401,0.221791542,0.459528385,-0.387079036
28,14,-0.401190352,0.10654808,0.373498552,0.153182141,0.104047416,-0.7162746,-0.20932213,0.581887871,0.102335845,0.710546041,-0.189608845,-0.042704495,0.098586296,0.289451744,-0.136855679,0.160930358,0.21698401,0.221791542,0.459528385,-0.387079036
29,7,-0.472768869,-0.139840568,-0.205917489,0.025027043,-0.611446665,-0.121858316,0.312793985,0.140809513,-0.271740343,0.33337511,0.078216633,-0.223612745,0.245510501,0.286280345,0.517719683,0.037690121,0.502663076,0.342165178,-0.132482761,0.042205547
30,7,-0.472768869,-0.139840568,-0.205917489,0.025027043,-0.611446665,-0.121858316,0.312793985,0.140809513,-0.271740343,0.33337511,0.078216633,-0.223612745,0.245510501,0.286280345,0.517719683,0.037690121,0.502663076,0.342165178,-0.132482761,0.042205547
31,19,0.007796664,-0.407333434,0.279197587,0.248109092,-0.330215565,0.017109571,-0.457170299,0.34438696,-0.121486391,0.234079985,-0.325856657,0.215828769,0.28619583,0.379427204,-0.588400349,-0.342441392,-0.132123597,0.203940158,0.486037914,-0.231251502
32,19,0.007796664,-0.407333434,0.279197587,0.248109092,-0.330215565,0.017109571,-0.457170299,0.34438696,-0.121486391,0.234079985,-0.325856657,0.215828769,0.28619583,0.379427204,-0.588400349,-0.342441392,-0.132123597,0.203940158,0.486037914,-0.231251502
33,16,-0.011308591,0.238285348,0.048597927,0.234607148,-0.201362299,0.166753017,0.173909895,-0.34763661,0.323140217,0.253959222,-0.135139962,-0.331782224,0.193084143,0.398415372,-0.424805048,0.503966554,0.4367007,-0.312537951,-0.379522969,0.796425754
34,16,-0.011308591,0.238285348,0.048597927,0.234607148,-0.201362299,0.166753017,0.173909895,-0.34763661,0.323140217,0.253959222,-0.135139962,-0.331782224,0.193084143,0.398415372,-0.424805048,0.503966554,0.4367007,-0.312537951,-0.379522969,0.796425754
35,16,0.171326524,-0.229509277,-0.063586561,-0.261352126,-0.181227255,0.253157483,0.347690822,0.125548465,-0.182083771,0.266645912,0.070941189,0.150096797,-0.016878317,0.042989484,-0.153342381,0.301901918,-0.025632217,-0.335535278,0.05694931,-0.17340151
36,16,0.171326524,-0.229509277,-0.063586561,-0.261352126,-0.181227255,0.253157483,0.347690822,0.125548465,-0.182083771,0.266645912,0.070941189,0.150096797,-0.016878317,0.042989484,-0.153342381,0.301901918,-0.025632217,-0.335535278,0.05694931,-0.17340151
37,7,-0.454629943,0.214954916,-0.300600994,-0.612039513,0.371500161,-0.132657267,0.699794131,-0.502902807,0.273852369,-0.406176737,0.387088562,0.057255722,0.082462168,0.133572637,-0.490688442,-0.141429772,0.096981308,-0.386571724,-0.431227543,-0.086130776
38,7,-0.454629943,0.214954916,-0.300600994,-0.612039513,0.371500161,-0.132657267,0.699794131,-0.502902807,0.273852369,-0.406176737,0.387088562,0.057255722,0.082462168,0.133572637,-0.490688442,-0.141429772,0.096981308,-0.386571724,-0.431227543,-0.086130776
39,7,0.123138157,-0.180004197,-0.191598712,-0.610888581,-0.038518082,-0.13822804,0.711263974,-0.416604316,-0.437815125,0.15648994,0.195615637,-0.246747506,0.542274147,-0.13363653,-0.37921389,-0.308514076,0.378499116,0.129747276,0.53778214,0.128272823
40,7,0.123138157,-0.180004197,-0.191598712,-0.610888581,-0.038518082,-0.13822804,0.711263974,-0.416604316,-0.437815125,0.15648994,0.195615637,-0.246747506,0.542274147,-0.13363653,-0.37921389,-0.308514076,0.378499116,0.129747276,0.53778214,0.128272823
41,19,0.066857496,0.138874461,-0.090562827,0.407846723,0.606269153,0.333513882,0.571792572,0.075809883,0.160377354,0.032219681,-0.299507376,-0.580529887,-0.02882639,0.146372642,-0.060881919,0.57715676,0.213489438,-0.47329259,0.708032347,-0.052883958
42,19,0.066857496,0.138874461,-0.090562827,0.407846723,0.606269153,0.333513882,0.571792572,0.075809883,0.160377354,0.032219681,-0.299507376,-0.580529887,-0.02882639,0.146372642,-0.060881919,0.57715676,0.213489438,-0.47329259,0.708032347,-0.052883958
43,3,0.055013142,0.144024052,0.885498097,-0.138406184,-0.732227239,-0.029010857,-0.002029159,-0.350203707,0.12977579,0.232087881,0.335370731,-0.213041735,-0.167186936,-0.513909365,-0.479215137,0.262252969,0.460529419,0.173634192,-0.231191333,-0.20045364
44,3,0.055013142,0.144024052,0.885498097,-0.138406184,-0.732227239,-0.029010857,-0.002029159,-0.350203707,0.12977579,0.232087881,0.335370731,-0.213041735,-0.167186936,-0.513909365,-0.479215137,0.262252969,0.460529419,0.173634192,-0.231191333,-0.20045364
45,19,-0.343366082,0.432364404,-0.39913057,0.032411431,-0.429240842,-0.030019219,0.451890465,0.351528519,-0.103141321,0.142473967,0.144996964,0.371118792,-0.37803392,-0.427356312,0.114704508,-0.262559303,0.645004225,-0.492655059,0.912089412,0.000676958
46,19,-0.343366082,0.432364404,-0.39913057,0.032411431,-0.429240842,-0.030019219,0.451890465,0.351528519,-0.103141321,0.142473967,0.144996964,0.371118792,-0.37803392,-0.427356312,0.114704508,-0.262559303,0.645004225,-0.492655059,0.912089412,0.000676958
47,8,-0.024436602,0.271747216,-0.157891999,0.014923658,-0.419301633,-0.219671055,0.246672765,0.895346895,-0.617801458,0.106315737,0.117539637,-0.276628656,-0.613705541,0.237631035,-0.32944443,0.196504928,0.153252151,-0.223423143,-0.764928722,0.285701023
48,8,-0.024436602,0.271747216,-0.157891999,0.014923658,-0.419301633,-0.219671055,0.246672765,0.895346895,-0.617801458,0.106315737,0.117539637,-0.276628656,-0.613705541,0.237631035,-0.32944443,0.196504928,0.153252151,-0.223423143,-0.764928722,0.285701023
49,16,0.195793609,0.088534745,0.115917045,0.330771634,0.087063618,0.105025405,-0.163228466,-0.003536866,0.050600657,0.211646978,-0.033911577,0.12351378,-0.017103095,0.035232522,0.114344851,-0.900764118,-0.234789888,-0.142087995,0.020953714,0.184399264
50,16,0.195793609,0.088534745,0.115917045,0.330771634,0.087063618,0.105025405,-0.163228466,-0.003536866,0.050600657,0.211646978,-0.033911577,0.12351378,-0.017103095,0.035232522,0.114344851,-0.900764118,-0.234789888,-0.142087995,0.020953714,0.184399264
51,19,0.023734506,-0.46292096,-0.135660704,-0.251846614,0.126544565,-0.169257247,0.075946516,0.267846163,-0.099990074,-0.326940366,-0.207846585,0.032320899,-0.130291887,0.149524883,0.069888066,-0.239105658,0.035075661,0.168082121,-0.902386366,0.025535686
52,19,0.023734506,-0.46292096,-0.135660704,-0.251846614,0.126544565,-0.169257247,0.075946516,0.267846163,-0.099990074,-0.326940366,-0.207846585,0.032320899,-0.130291887,0.149524883,0.069888066,-0.239105658,0.035075661,0.168082121,-0.902386366,0.025535686
53,10,0.038147086,0.146631763,-0.422162024,-0.255304517,-0.133284702,0.089269756,0.185464837,0.129689728,0.048870238,-0.913421721,-0.217722512,0.389259734,-0.335668241,-0.235781412,0.00814369,-0.302771859,0.162502289,-0.081801715,-0.300407327,-0.243714661
54,10,0.038147086,0.146631763,-0.422162024,-0.255304517,-0.133284702,0.089269756,0.185464837,0.129689728,0.048870238,-0.913421721,-0.217722512,0.389259734,-0.335668241,-0.235781412,0.00814369,-0.302771859,0.162502289,-0.081801715,-0.300407327,-0.243714661
55,7,-0.048862467,0.111987639,-0.012776357,-0.026935762,-0.007938663,0.119774501,-0.696457225,-0.381225251,-0.149760799,0.042491683,0.24138281,0.216701191,-0.072166962,0.36948115,-0.123475635,-0.036741648,0.278381716,-0.069351145,-0.368994511,-0.223693226
56,7,-0.048862467,0.111987639,-0.012776357,-0.026935762,-0.007938663,0.119774501,-0.696457225,-0.381225251,-0.149760799,0.042491683,0.24138281,0.216701191,-0.072166962,0.36948115,-0.123475635,-0.036741648,0.278381716,-0.069351145,-0.368994511,-0.223693226
57,4,-0.305012848,0.100506676,-0.30228945,-0.699578454,0.058555915,-0.26959108,0.141415201,-0.302960091,0.470548312,0.11844617,-0.271776533,-0.355302189,0.128499553,-0.219896062,-0.248638192,-0.055458684,-0.050651348,-0.04175014,0.097024354,0.036314032
58,4,-0.305012848,0.100506676,-0.30228945,-0.699578454,0.058555915,-0.26959108,0.141415201,-0.302960091,0.470548312,0.11844617,-0.271776533,-0.355302189,0.128499553,-0.219896062,-0.248638192,-0.055458684,-0.050651348,-0.04175014,0.097024354,0.036314032
59,8,-0.309044763,-0.201576255,0.178446576,-0.215517773,0.112994931,-0.118400874,0.1701843,-0.714357586,-0.012798529,-0.099495285,-0.008507097,-0.015128806,0.27525836,0.181980419,-0.142652572,0.160906275,0.152649069,0.069271404,0.184033685,0.065425897
60,8,-0.309044763,-0.201576255,0.178446576,-0.215517773,0.112994931,-0.118400874,0.1701843,-0.714357586,-0.012798529,-0.099495285,-0.008507097,-0.015128806,0.27525836,0.181980419,-0.142652572,0.160906275,0.152649069,0.069271404,0.184033685,0.065425897
61,18,0.390441089,0.122080033,-0.067999098,-0.110015205,0.107837598,0.212404345,0.140767032,0.345695292,-0.216241093,-0.138006979,-0.164410256,0.202996084,-0.15515391,0.248396519,0.080722179,0.062106669,0.243286053,-0.511403495,0.203141975,-0.03108566
62,18,0.390441089,0.122080033,-0.067999098,-0.110015205,0.107837598,0.212404345,0.140767032,0.345695292,-0.216241093,-0.138006979,-0.164410256,0.202996084,-0.15515391,0.248396519,0.080722179,0.062106669,0.243286053,-0.511403495,0.203141975,-0.03108566
63,15,-0.121331324,0.138277366,-0.094151413,0.259549106,0.120468913,0.220609972,0.198172714,0.012695471,0.079298466,-0.222275634,-0.24316331,-0.404673401,0.200184987,0.161743753,-0.503695286,-0.345688771,0.159163304,0.061075888,-0.223948538,0.302954787
64,15,-0.121331324,0.138277366,-0.094151413,0.259549106,0.120468913,0.220609972,0.198172714,0.012695471,0.079298466,-0.222275634,-0.24316331,-0.404673401,0.200184987,0.161743753,-0.503695286,-0.345688771,0.159163304,0.061075888,-0.223948538,0.302954787
65,4,0.059833369,-0.154245163,-0.089357466,-0.491151691,0.040816036,-0.037006813,0.069471247,-0.226408919,-0.203961124,0.064892699,-0.018005398,-0.115037225,0.069481995,-0.039501276,0.189890472,0.008702614,0.277174569,-0.024944182,-0.099104597,0.189323358
66,4,0.059833369,-0.154245163,-0.089357466,-0.491151691,0.040816036,-0.037006813,0.069471247,-0.226408919,-0.203961124,0.064892699,-0.018005398,-0.115037225,0.069481995,-0.039501276,0.189890472,0.008702614,0.277174569,-0.024944182,-0.099104597,0.189323358
67,11,0.044013201,-0.211135489,-0.055972439,-0.330181913,0.047640933,0.179823949,0.083191507,0.104552487,0.0605234,-0.622229519,-0.288123657,-0.121623948,0.155456695,-0.086589204,0.174892711,0.315873218,0.277107928,0.21610899,0.288026896,0.251727757
68,11,0.044013201,-0.211135489,-0.055972439,-0.330181913,0.047640933,0.179823949,0.083191507,0.104552487,0.0605234,-0.622229519,-0.288123657,-0.121623948,0.155456695,-0.086589204,0.174892711,0.315873218,0.277107928,0.21610899,0.288026896,0.251727757
69,20,0.169149604,0.293433481,-0.31471822,-0.024999625,0.001537911,0.200387138,0.218763886,-0.185677901,-0.017456816,-0.184420653,-0.027936513,0.519020569,0.068583422,-0.159102021,-0.390012197,-0.247672192,0.028078276,-0.171185649,0.228186067,-0.293346543
70,20,0.169149604,0.293433481,-0.31471822,-0.024999625,0.001537911,0.200387138,0.218763886,-0.185677901,-0.017456816,-0.184420653,-0.027936513,0.519020569,0.068583422,-0.159102021,-0.390012197,-0.247672192,0.028078276,-0.171185649,0.228186067,-0.293346543
71,17,-0.229124014,0.309664401,-0.243935081,0.105730985,0.372131822,0.420313021,0.396024856,0.167938295,0.241192439,-0.339588633,0.043263857,0.040043628,-0.216318808,0.115714334,0.221875974,0.303234008,-0.306300769,0.056117575,0.067444784,-0.359807625
72,17,-0.229124014,0.309664401,-0.243935081,0.105730985,0.372131822,0.420313021,0.396024856,0.167938295,0.241192439,-0.339588633,0.043263857,0.040043628,-0.216318808,0.115714334,0.221875974,0.303234008,-0.306300769,0.056117575,0.067444784,-0.359807625
73,2,-0.022487345,0.488551276,0.157572098,0.136848511,0.51249152,-0.194417103,-0.323441765,0.09211166,-0.054039225,0.219313204,0.3966137,-0.333870032,-0.241325283,0.030398031,-0.096322088,-0.376102833,0.042911266,-0.054237781,0.157125219,0.472646419
74,2,-0.022487345,0.488551276,0.157572098,0.136848511,0.51249152,-0.194417103,-0.323441765,0.09211166,-0.054039225,0.219313204,0.3966137,-0.333870032,-0.241325283,0.030398031,-0.096322088,-0.376102833,0.042911266,-0.054237781,0.157125219,0.472646419
75,19,0.241623014,0.125082731,-0.316745505,-0.019522332,0.343139215,-0.092651918,-0.16129466,0.007593663,0.119671747,0.106653628,0.176590014,-0.183320607,0.165926956,-0.093505499,-0.255216156,-0.083262137,0.041158424,-0.197185396,0.307369427,0.205243273
76,19,0.241623014,0.125082731,-0.316745505,-0.019522332,0.343139215,-0.092651918,-0.16129466,0.007593663,0.119671747,0.106653628,0.176590014,-0.183320607,0.165926956,-0.093505499,-0.255216156,-0.083262137,0.041158424,-0.197185396,0.307369427,0.205243273
77,10,-0.158446371,-0.344695446,-0.23006766,0.402688748,0.140600993,-0.420916707,-0.084879309,0.247422444,-0.070117455,0.289298739,0.125712212,0.004698888,-0.388287356,0.05417455,-0.176972957,-0.185765503,0.017846591,0.308420538,0.172077261,-0.173904797
78,10,-0.158446371,-0.344695446,-0.23006766,0.402688748,0.140600993,-0.420916707,-0.084879309,0.247422444,-0.070117455,0.289298739,0.125712212,0.004698888,-0.388287356,0.05417455,-0.176972957,-0.185765503,0.017846591,0.308420538,0.172077261,-0.173904797
79,3,0.017174074,0.253734198,0.512563198,0.001624315,0.346665762,-0.022176112,0.055962132,0.169057165,-0.224916092,0.320966411,-0.095247027,0.094917574,0.05897304,0.345358617,0.098584221,0.03781091,-0.173204091,0.000610921,-0.204216614,-0.053202124
80,3,0.017174074,0.253734198,0.512563198,0.001624315,0.346665762,-0.022176112,0.055962132,0.169057165,-0.224916092,0.320966411,-0.095247027,0.094917574,0.05897304,0.345358617,0.098584221,0.03781091,-0.173204091,0.000610921,-0.204216614,-0.053202124
81,1,0.30901668,-0.168670711,0.053939205,0.00973093,-0.248197164,0.210592052,-0.337038754,-0.334949435,0.418059321,0.049250654,-0.079734736,-0.021344954,-0.117152098,-0.18281685,-0.141862254,0.039264434,-0.044377711,-0.112761655,0.096769696,-0.416271615
82,1,0.30901668,-0.168670711,0.053939205,0.00973093,-0.248197164,0.210592052,-0.337038754,-0.334949435,0.418059321,0.049250654,-0.079734736,-0.021344954,-0.117152098,-0.18281685,-0.141862254,0.039264434,-0.044377711,-0.112761655,0.096769696,-0.416271615
83,18,0.011690792,0.144971781,0.114217214,-0.025681912,0.132994036,-0.304095105,-0.183332624,0.396751829,0.067635129,0.200749763,-0.213693796,0.021661807,0.14585272,0.221537328,0.101439709,0.151697662,0.107534056,0.491748525,0.145981613,-0.387358876
84,18,0.011690792,0.144971781,0.114217214,-0.025681912,0.132994036,-0.304095105,-0.183332624,0.396751829,0.067635129,0.200749763,-0.213693796,0.021661807,0.14585272,0.221537328,0.101439709,0.151697662,0.107534056,0.491748525,0.145981613,-0.387358876
85,2,-0.18418899,0.685138491,0.512079089,-0.092292341,0.022655564,0.085164153,0.12291895,-0.055722354,0.283818397,-0.035968077,0.021049245,-0.386069864,-0.165912375,-0.131765301,-0.058991656,0.016486968,0.112170985,0.190477548,-0.270310329,-0.193522533
86,2,-0.18418899,0.685138491,0.512079089,-0.092292341,0.022655564,0.085164153,0.12291895,-0.055722354,0.283818397,-0.035968077,0.021049245,-0.386069864,-0.165912375,-0.131765301,-0.058991656,0.016486968,0.112170985,0.190477548,-0.270310329,-0.193522533
87,17,-0.109273682,0.090485099,-0.198367384,0.27419423,-0.09063674,0.05727378,-0.077780896,0.01550978,0.253609161,-0.085379471,0.527202244,-0.072684117,-0.22723291,0.17038861,-0.089931352,-0.443293626,0.696768577,0.065063192,-0.100046952,-0.067195209
88,17,-0.109273682,0.090485099,-0.198367384,0.27419423,-0.09063674,0.05727378,-0.077780896,0.01550978,0.253609161,-0.085379471,0.527202244,-0.072684117,-0.22723291,0.17038861,-0.089931352,-0.443293626,0.696768577,0.065063192,-0.100046952,-0.067195209
89,17,0.09391022,-0.165015945,0.153760645,-0.235749871,-0.296285024,0.072718813,0.112831688,-0.001645143,0.040732129,-0.158147521,0.009721854,-0.059589181,-0.041419011,-0.315616003,-0.241857083,-0.383069796,0.687637761,0.172865581,-0.226907915,0.084515236
90,17,0.09391022,-0.165015945,0.153760645,-0.235749871,-0.296285024,0.072718813,0.112831688,-0.001645143,0.040732129,-0.158147521,0.009721854,-0.059589181,-0.041419011,-0.315616003,-0.241857083,-0.383069796,0.687637761,0.172865581,-0.226907915,0.084515236
91,4,0.079143013,-0.209966055,0.198731014,0.889899041,0.631133543,0.416967571,0.019228129,-0.141641271,0.018067038,0.114087489,-0.021974294,-0.080297329,-0.411757705,0.169047294,0.05192274,-0.226673382,-0.123839368,-0.250240986,0.055698198,-0.158286792
92,4,0.079143013,-0.209966055,0.198731014,0.889899041,0.631133543,0.416967571,0.019228129,-0.141641271,0.018067038,0.114087489,-0.021974294,-0.080297329,-0.411757705,0.169047294,0.05192274,-0.226673382,-0.123839368,-0.250240986,0.055698198,-0.158286792
93,13,-0.297689146,0.5677093,0.173072327,-0.175899548,-0.14734343,0.159016377,0.073520652,-0.316454628,-0.12211146,0.030185196,-0.09809314,-0.119835729,0.914001702,-0.057628509,-0.275481288,-0.134250429,-0.079936738,-0.196767924,-0.285757327,-0.058203465
94,13,-0.297689146,0.5677093,0.173072327,-0.175899548,-0.14734343,0.159016377,0.073520652,-0.316454628,-0.12211146,0.030185196,-0.09809314,-0.119835729,0.914001702,-0.057628509,-0.275481288,-0.134250429,-0.079936738,-0.196767924,-0.285757327,-0.058203465
95,5,-0.199131053,-0.466855236,-0.185190043,-0.270533888,0.886285014,-0.222646712,-0.092425139,0.201791167,0.172732053,0.286677539,0.32897848,0.108728943,0.16362003,0.333861455,-0.186878124,-0.291420192,0.022020165,0.08137141,0.414785013,0.201535703
96,5,-0.199131053,-0.466855236,-0.185190043,-0.270533888,0.886285014,-0.222646712,-0.092425139,0.201791167,0.172732053,0.286677539,0.32897848,0.108728943,0.16362003,0.333861455,-0.186878124,-0.291420192,0.022020165,0.08137141,0.414785013,0.201535703
97,5,0.166855139,0.166792456,0.102349909,0.018574427,-0.902509451,0.070474163,0.049291909,-0.149002334,-0.17174571,-0.076167921,0.059391351,-0.111149831,0.215711352,-0.076215067,0.139627811,-0.064373854,-0.002965518,0.149617123,0.06625572,-0.058420788
98,5,0.166855139,0.166792456,0.102349909,0.018574427,-0.902509451,0.070474163,0.049291909,-0.149002334,-0.17174571,-0.076167921,0.059391351,-0.111149831,0.215711352,-0.076215067,0.139627811,-0.064373854,-0.002965518,0.149617123,0.06625572,-0.058420788
99,19,0.189705377,-0.124895021,-0.088735775,-0.00111906,0.048435086,-0.21500866,0.064476999,0.04231704,0.428911574,-0.025914247,0.008089587,0.087706271,-0.239768868,0.310171598,-0.012140247,-0.135655523,0.110774604,0.045820823,-0.897798034,-0.026918681
100,19,0.189705377,-0.124895021,-0.088735775,-0.00111906,0.048435086,-0.21500866,0.064476999,0.04231704,0.428911574,-0.025914247,0.008089587,0.087706271,-0.239768868,0.310171598,-0.012140247,-0.135655523,0.110774604,0.045820823,-0.897798034,-0.026918681
101,1,-0.888962068,0.046565418,0.040223326,0.339240014,-0.109010479,0.243557016,0.080082344,-0.153149566,-0.069161239,-0.301065013,0.129879696,-0.167815596,0.097826671,0.142838669,0.175704372,0.125136416,0.220448651,0.156848072,0.095201243,0.258856838
102,1,-0.888962068,0.046565418,0.040223326,0.339240014,-0.109010479,0.243557016,0.080082344,-0.153149566,-0.069161239,-0.301065013,0.129879696,-0.167815596,0.097826671,0.142838669,0.175704372,0.125136416,0.220448651,0.156848072,0.095201243,0.258856838
103,5,0.030560455,-0.029608445,0.124662975,0.019017937,-0.692801891,-0.367042358,0.206714359,0.139708746,-0.2382699,-0.04479274,-0.27323793,-0.003128648,0.246578607,-0.034609015,-0.025833508,-0.191770935,0.211026833,-0.225923716,0.162419291,-0.241977164
104,5,0.030560455,-0.029608445,0.124662975,0.019017937,-0.692801891,-0.367042358,0.206714359,0.139708746,-0.2382699,-0.04479274,-0.27323793,-0.003128648,0.246578607,-0.034609015,-0.025833508,-0.191770935,0.211026833,-0.225923716,0.162419291,-0.241977164
105,11,0.038575264,-0.049658074,-0.061269951,0.235766366,0.024708635,-0.002382731,0.179739292,0.034378659,-0.036889531,-0.094402008,-0.698957221,-0.104531158,0.166224037,-0.089950114,0.045118922,0.027105558,-0.294329564,0.199446594,-0.127464712,0.080051754
106,11,0.038575264,-0.049658074,-0.061269951,0.235766366,0.024708635,-0.002382731,0.179739292,0.034378659,-0.036889531,-0.094402008,-0.698957221,-0.104531158,0.166224037,-0.089950114,0.045118922,0.027105558,-0.294329564,0.199446594,-0.127464712,0.080051754
107,13,0.041798919,0.104341133,-0.200465669,-0.035516554,-0.101562818,-0.045410834,-0.027621753,0.02427057,-0.136219874,-0.202171327,-0.274436008,0.132803178,-0.713270322,-0.073173833,0.049009038,0.087627594,-0.005573632,0.138416802,-0.018524538,-0.072792538
108,13,0.041798919,0.104341133,-0.200465669,-0.035516554,-0.101562818,-0.045410834,-0.027621753,0.02427057,-0.136219874,-0.202171327,-0.274436008,0.132803178,-0.713270322,-0.073173833,0.049009038,0.087627594,-0.005573632,0.138416802,-0.018524538,-0.072792538
109,6,-0.213139272,0.11228404,0.154806933,0.10217991,0.190893976,-0.492292354,0.08918806,0.1202522,0.052950405,0.12431193,0.081761469,-0.081156051,0.241015117,-0.086691644,-0.268643808,-0.14217971,0.038824951,-0.023760734,-0.177109786,0.028383949
110,6,-0.213139272,0.11228404,0.154806933,0.10217991,0.190893976,-0.492292354,0.08918806,0.1202522,0.052950405,0.12431193,0.081761469,-0.081156051,0.241015117,-0.086691644,-0.268643808,-0.14217971,0.038824951,-0.023760734,-0.177109786,0.028383949
111,11,0.303103589,-0.111190824,0.249291929,-0.229475697,0.165693065,-0.097259017,0.064180851,0.119422387,0.022654689,0.095096065,-0.499111148,0.001052501,0.13985493,0.098387438,0.102266969,-0.140921118,-0.070883744,-0.028811043,-0.296730189,-0.10787999
112,11,0.303103589,-0.111190824,0.249291929,-0.229475697,0.165693065,-0.097259017,0.064180851,0.119422387,0.022654689,0.095096065,-0.499111148,0.001052501,0.13985493,0.098387438,0.102266969,-0.140921118,-0.070883744,-0.028811043,-0.296730189,-0.10787999
113,12,0.200654788,-0.102349771,-0.166008868,0.061866705,-0.311822984,-0.171207113,-0.213032269,-0.195304314,-0.281610734,-0.213019069,0.034460097,-0.514909717,0.197917525,0.246155374,-0.131452189,0.271600734,0.039021873,-0.186758177,0.089990026,-0.262982262
114,12,0.200654788,-0.102349771,-0.166008868,0.061866705,-0.311822984,-0.171207113,-0.213032269,-0.195304314,-0.281610734,-0.213019069,0.034460097,-0.514909717,0.197917525,0.246155374,-0.131452189,0.271600734,0.039021873,-0.186758177,0.089990026,-0.262982262
115,10,0.057485938,0.117647129,0.147186993,0.119075705,0.006800809,-0.170862864,-0.245924998,-0.041214541,-0.084837587,-0.295268222,0.07469052,-0.098858934,-0.041491923,-0.034499517,-0.219605413,0.166787403,0.006887252,-0.306208114,-0.005209124,-0.049982779
116,10,0.057485938,0.117647129,0.147186993,0.119075705,0.006800809,-0.170862864,-0.245924998,-0.041214541,-0.084837587,-0.295268222,0.07469052,-0.098858934,-0.041491923,-0.034499517,-0.219605413,0.166787403,0.006887252,-0.306208114,-0.005209124,-0.049982779
117,8,-0.278465361,-0.056193944,-0.122227275,-0.225713316,-0.02724633,-0.111543652,0.003112086,-0.295653277,-0.00771686,0.036510381,0.192332663,0.14323334,-0.323468782,-0.12807648,0.056923144,0.081510265,0.004664247,0.244195777,-0.134115508,-0.054782774
118,8,-0.278465361,-0.056193944,-0.122227275,-0.225713316,-0.02724633,-0.111543652,0.003112086,-0.295653277,-0.00771686,0.036510381,0.192332663,0.14323334,-0.323468782,-0.12807648,0.056923144,0.081510265,0.004664247,0.244195777,-0.134115508,-0.054782774
119,18,0.118113285,0.13592462,-0.077903611,0.107780322,-0.08575585,-0.061827944,0.222654294,0.08074618,-0.07467329,0.140259822,0.299407869,0.125767682,-0.005251992,0.034452214,0.100593039,-0.065651211,0.185809379,-0.30098879,0.177449097,-0.077624953
120,18,0.118113285,0.13592462,-0.077903611,0.107780322,-0.08575585,-0.061827944,0.222654294,0.08074618,-0.07467329,0.140259822,0.299407869,0.125767682,-0.005251992,0.034452214,0.100593039,-0.065651211,0.185809379,-0.30098879,0.177449097,-0.077624953
121,18,0.348438759,0.328462598,0.182577988,0.066404432,-0.277723288,-0.031510182,0.143454519,0.257204465,-0.058352876,-0.053497522,-0.139533538,-0.161336059,-0.198253804,-0.19414496,0.174111456,0.01700774,-0.198803142,0.293432144,-0.008843816,-0.005041198
122,18,0.348438759,0.328462598,0.182577988,0.066404432,-0.277723288,-0.031510182,0.143454519,0.257204465,-0.058352876,-0.053497522,-0.139533538,-0.161336059,-0.198253804,-0.19414496,0.174111456,0.01700774,-0.198803142,0.293432144,-0.008843816,-0.005041198
123,13,-0.09629141,0.252612052,0.173651134,-0.126772598,0.123626896,-0.016358728,-0.066220033,-0.190480581,-0.102755653,-0.018554521,0.011655873,-0.150680705,0.292330377,-0.004084883,-0.183303105,0.221759198,-0.017949388,0.474560304,-0.047155753,0.039077644
124,13,-0.09629141,0.252612052,0.173651134,-0.126772598,0.123626896,-0.016358728,-0.066220033,-0.190480581,-0.102755653,-0.018554521,0.011655873,-0.150680705,0.292330377,-0.004084883,-0.183303105,0.221759198,-0.017949388,0.474560304,-0.047155753,0.039077644
125,10,0.034460816,0.024913287,-0.290606013,0.156478345,-0.134344471,0.16622868,0.084522147,0.00275253,-0.297639314,0.288828492,0.069107653,-0.064486372,0.113616409,0.090001089,-0.028389336,-0.247600809,0.183955269,0.022979413,0.08668873,0.12395317
126,10,0.034460816,0.024913287,-0.290606013,0.156478345,-0.134344471,0.16622868,0.084522147,0.00275253,-0.297639314,0.288828492,0.069107653,-0.064486372,0.113616409,0.090001089,-0.028389336,-0.247600809,0.183955269,0.022979413,0.08668873,0.12395317
127,7,0.029711359,0.085690861,-6.42E-05,0.092141743,0.031706138,0.222079753,0.497617379,0.130791194,0.004199428,-0.070871549,-0.157659396,0.157462442,0.223349997,0.026155007,-0.145433347,-0.041476751,0.009928506,0.03951487,0.114123279,-0.196499716
128,7,0.029711359,0.085690861,-6.42E-05,0.092141743,0.031706138,0.222079753,0.497617379,0.130791194,0.004199428,-0.070871549,-0.157659396,0.157462442,0.223349997,0.026155007,-0.145433347,-0.041476751,0.009928506,0.03951487,0.114123279,-0.196499716
129,4,-0.042540531,-0.181889229,0.054621002,0.492776792,-0.23963117,0.149721741,-0.043243471,-0.151287562,-0.035095774,-0.132042722,-0.211254449,0.155956101,-0.135224373,0.011805927,0.061879952,-0.154308927,0.094834673,0.193447529,-0.120896238,0.084945065
130,4,-0.042540531,-0.181889229,0.054621002,0.492776792,-0.23963117,0.149721741,-0.043243471,-0.151287562,-0.035095774,-0.132042722,-0.211254449,0.155956101,-0.135224373,0.011805927,0.061879952,-0.154308927,0.094834673,0.193447529,-0.120896238,0.084945065
131,2,0.193561798,0.491937886,0.239982938,-0.084118617,-0.003538081,-0.076708617,0.039206326,-0.061289716,-0.085499886,-0.263496463,0.092217454,-0.217958966,-0.163786047,0.001422971,-0.031153418,0.076690783,0.124974274,-0.041145353,0.269596868,-0.018294036
132,2,0.193561798,0.491937886,0.239982938,-0.084118617,-0.003538081,-0.076708617,0.039206326,-0.061289716,-0.085499886,-0.263496463,0.092217454,-0.217958966,-0.163786047,0.001422971,-0.031153418,0.076690783,0.124974274,-0.041145353,0.269596868,-0.018294036
133,11,-0.001469777,-0.197173282,0.104450648,-0.223230412,0.161662156,-0.019429816,0.044356446,0.007192419,-0.326545644,0.105250675,0.685072631,-0.107605299,0.123249714,-0.065319861,-0.146389847,-0.014098109,0.047702799,0.223158628,0.063575303,0.0266794
134,11,-0.001469777,-0.197173282,0.104450648,-0.223230412,0.161662156,-0.019429816,0.044356446,0.007192419,-0.326545644,0.105250675,0.685072631,-0.107605299,0.123249714,-0.065319861,-0.146389847,-0.014098109,0.047702799,0.223158628,0.063575303,0.0266794
135,11,-0.0204898,-0.175597774,0.0710402,-0.024366771,0.037877148,0.016572627,-0.022199512,0.262466474,-0.200613091,0.023651344,0.693035423,-0.037215817,0.156878719,0.163164551,-0.186199026,0.042198211,-0.156299475,-0.134773702,-0.175373801,-0.050578648
136,11,-0.0204898,-0.175597774,0.0710402,-0.024366771,0.037877148,0.016572627,-0.022199512,0.262466474,-0.200613091,0.023651344,0.693035423,-0.037215817,0.156878719,0.163164551,-0.186199026,0.042198211,-0.156299475,-0.134773702,-0.175373801,-0.050578648
137,19,-0.313737605,-0.179247983,0.103423616,0.078647432,0.174643705,-0.027074149,0.005298729,-0.083516953,-0.32030686,0.005632075,-0.11122457,0.118936348,0.068885713,-0.233947172,0.049225899,0.101752787,0.258436115,-0.155058331,0.699869313,0.134855564
138,19,-0.313737605,-0.179247983,0.103423616,0.078647432,0.174643705,-0.027074149,0.005298729,-0.083516953,-0.32030686,0.005632075,-0.11122457,0.118936348,0.068885713,-0.233947172,0.049225899,0.101752787,0.258436115,-0.155058331,0.699869313,0.134855564
139,4,0.175571379,0.165643618,0.076409825,0.906282213,0.055484245,0.04031771,0.02056248,-0.134229261,-0.081354792,0.014960536,-0.038707362,-0.084376351,0.126101738,-0.058467207,0.111137248,0.021334372,0.16326047,0.016329211,-0.04710487,0.148678117
140,4,0.175571379,0.165643618,0.076409825,0.906282213,0.055484245,0.04031771,0.02056248,-0.134229261,-0.081354792,0.014960536,-0.038707362,-0.084376351,0.126101738,-0.058467207,0.111137248,0.021334372,0.16326047,0.016329211,-0.04710487,0.148678117
141,19,0.202888207,-0.303784284,0.255444995,0.232696461,0.0243327,-0.243618479,0.020690126,-0.01969129,0.021155963,-0.084984019,-0.260712469,-0.144762384,0.037928382,-0.145223024,0.061847608,-0.101997411,-0.0461582,0.169215343,0.88620764,0.026199114
142,19,0.202888207,-0.303784284,0.255444995,0.232696461,0.0243327,-0.243618479,0.020690126,-0.01969129,0.021155963,-0.084984019,-0.260712469,-0.144762384,0.037928382,-0.145223024,0.061847608,-0.101997411,-0.0461582,0.169215343,0.88620764,0.026199114
143,13,-0.230998048,0.076505716,0.157463654,0.228694497,-0.157086332,-0.115243535,0.067881599,0.0048299,-0.193779036,-0.179255134,0.041220319,-0.054024591,0.904706711,0.228063313,-0.003322372,0.156606109,-0.235471937,-0.237021309,0.10694161,0.148734688
144,13,-0.230998048,0.076505716,0.157463654,0.228694497,-0.157086332,-0.115243535,0.067881599,0.0048299,-0.193779036,-0.179255134,0.041220319,-0.054024591,0.904706711,0.228063313,-0.003322372,0.156606109,-0.235471937,-0.237021309,0.10694161,0.148734688
145,14,0.218488583,-0.001344407,-0.072885466,-0.030304905,0.159767616,-0.125835549,-0.014850946,-0.034708944,0.212291769,0.048880511,0.059245905,0.061641102,-0.20453323,-0.901378936,0.01043022,-0.045454096,-0.040709379,0.059245842,0.232349975,0.007592828
146,14,0.218488583,-0.001344407,-0.072885466,-0.030304905,0.159767616,-0.125835549,-0.014850946,-0.034708944,0.212291769,0.048880511,0.059245905,0.061641102,-0.20453323,-0.901378936,0.01043022,-0.045454096,-0.040709379,0.059245842,0.232349975,0.007592828
147,16,0.008157859,-0.095668804,0.043989288,0.057330081,0.124102941,-0.048276293,0.065373148,-0.047901343,0.04620447,-0.045774986,0.002205545,-0.106472738,0.129522425,-0.015729412,0.06522534,-0.908061845,-0.0393239,0.04894215,0.170240741,-0.015286202
148,16,0.008157859,-0.095668804,0.043989288,0.057330081,0.124102941,-0.048276293,0.065373148,-0.047901343,0.04620447,-0.045774986,0.002205545,-0.106472738,0.129522425,-0.015729412,0.06522534,-0.908061845,-0.0393239,0.04894215,0.170240741,-0.015286202
149,7,-0.004850266,-0.092120003,0.278372224,-0.273355968,-0.115645205,-0.058777932,-0.90554102,-0.030548453,0.073040665,-0.070123348,-0.149297994,-0.104085623,-0.190537896,-0.011756576,0.077040832,0.069194979,-0.119931451,-0.214942313,-0.012043422,0.025781937
150,7,-0.004850266,-0.092120003,0.278372224,-0.273355968,-0.115645205,-0.058777932,-0.90554102,-0.030548453,0.073040665,-0.070123348,-0.149297994,-0.104085623,-0.190537896,-0.011756576,0.077040832,0.069194979,-0.119931451,-0.214942313,-0.012043422,0.025781937
151,2,-0.018319929,-0.709965882,-0.172347787,-0.028030433,-0.122602287,-0.16305149,-0.252835524,-0.02128863,0.140574916,-0.023521352,0.096066793,0.047227443,-0.008335657,0.104811348,-0.137001467,-0.009974757,-0.18236523,0.064777993,-0.138412944,0.043461269
152,2,-0.018319929,-0.709965882,-0.172347787,-0.028030433,-0.122602287,-0.16305149,-0.252835524,-0.02128863,0.140574916,-0.023521352,0.096066793,0.047227443,-0.008335657,0.104811348,-0.137001467,-0.009974757,-0.18236523,0.064777993,-0.138412944,0.043461269
153,14,-0.06499477,-0.113919006,0.097400667,-0.070827882,-0.005247147,-0.095034611,0.071940056,0.048489199,0.09290574,-0.138860789,-0.091126746,-0.214284179,0.000253838,-0.696026225,0.013617829,-0.035329801,0.042752248,-0.119401474,0.10136143,0.122408456
154,14,-0.06499477,-0.113919006,0.097400667,-0.070827882,-0.005247147,-0.095034611,0.071940056,0.048489199,0.09290574,-0.138860789,-0.091126746,-0.214284179,0.000253838,-0.696026225,0.013617829,-0.035329801,0.042752248,-0.119401474,0.10136143,0.122408456
155,11,-0.112930069,0.058068977,-0.072907062,-0.031764681,0.162287282,-0.012694279,0.029986196,-0.001699672,0.132643838,0.132689661,-0.690028229,0.155384679,0.05298203,0.03936968,0.043381549,0.070036077,-0.015458783,-0.026814539,0.106560008,0.013502925
156,11,-0.112930069,0.058068977,-0.072907062,-0.031764681,0.162287282,-0.012694279,0.029986196,-0.001699672,0.132643838,0.132689661,-0.690028229,0.155384679,0.05298203,0.03936968,0.043381549,0.070036077,-0.015458783,-0.026814539,0.106560008,0.013502925
157,19,0.071124968,-0.180920849,0.165460141,-0.024691,-0.264662376,0.033990151,0.118110548,0.107826851,0.002238556,0.137445757,0.112744914,0.131100321,-0.196330342,0.001231638,-0.034408829,0.11523685,-0.089609779,0.033162497,-0.48685211,0.035240805
158,19,0.071124968,-0.180920849,0.165460141,-0.024691,-0.264662376,0.033990151,0.118110548,0.107826851,0.002238556,0.137445757,0.112744914,0.131100321,-0.196330342,0.001231638,-0.034408829,0.11523685,-0.089609779,0.033162497,-0.48685211,0.035240805
159,11,0.19608116,0.158366089,-0.128196224,0.043175312,-0.225667755,-0.030328229,0.012065004,0.151289671,-0.117466464,0.012587518,-0.512551719,0.069532351,0.010457825,-0.044013879,-0.223065823,-0.090400408,0.172599773,-0.159079194,0.032252214,-0.136928748
160,11,0.19608116,0.158366089,-0.128196224,0.043175312,-0.225667755,-0.030328229,0.012065004,0.151289671,-0.117466464,0.012587518,-0.512551719,0.069532351,0.010457825,-0.044013879,-0.223065823,-0.090400408,0.172599773,-0.159079194,0.032252214,-0.136928748
161,5,0.073387689,-0.166097679,-0.05257338,-0.248131138,-0.496059123,-0.044611955,0.012146458,0.04857832,0.047656576,-0.035702527,-0.204120271,-0.122011212,-0.084034883,-0.021507379,0.017910987,-0.061618317,0.115651768,0.202271945,-0.018180456,-0.042958218
162,5,0.073387689,-0.166097679,-0.05257338,-0.248131138,-0.496059123,-0.044611955,0.012146458,0.04857832,0.047656576,-0.035702527,-0.204120271,-0.122011212,-0.084034883,-0.021507379,0.017910987,-0.061618317,0.115651768,0.202271945,-0.018180456,-0.042958218
163,5,-0.065914982,-0.13297322,-0.046505572,0.060374722,-0.291579239,-0.013981952,-0.016643541,0.107107671,0.080656961,-0.094726677,0.067410589,0.040900242,-0.014845392,0.024848855,0.029694229,-0.03390053,0.06005489,-0.004743592,-0.003874932,-0.05783576
164,5,-0.065914982,-0.13297322,-0.046505572,0.060374722,-0.291579239,-0.013981952,-0.016643541,0.107107671,0.080656961,-0.094726677,0.067410589,0.040900242,-0.014845392,0.024848855,0.029694229,-0.03390053,0.06005489,-0.004743592,-0.003874932,-0.05783576
165,11,0.067850854,0.09972564,-0.065471441,0.074684808,0.034174534,0.11343898,0.011181507,-0.067841163,-0.011808844,0.134297183,-0.288856627,-0.016112476,0.063357523,0.068447004,-0.077100887,0.100718834,0.022280298,0.022227744,-0.023603292,-0.053275469
166,11,0.067850854,0.09972564,-0.065471441,0.074684808,0.034174534,0.11343898,0.011181507,-0.067841163,-0.011808844,0.134297183,-0.288856627,-0.016112476,0.063357523,0.068447004,-0.077100887,0.100718834,0.022280298,0.022227744,-0.023603292,-0.053275469
167,3,-0.095732065,0.136002925,-0.290245263,-0.065547031,-0.175034684,-0.053528904,0.118247782,-0.050209035,-0.080231038,-0.000196378,0.042927041,0.164982475,-0.200162677,0.107946798,0.002468796,-0.08225861,-0.039837669,0.023070198,0.098495476,-0.040043226
168,3,-0.095732065,0.136002925,-0.290245263,-0.065547031,-0.175034684,-0.053528904,0.118247782,-0.050209035,-0.080231038,-0.000196378,0.042927041,0.164982475,-0.200162677,0.107946798,0.002468796,-0.08225861,-0.039837669,0.023070198,0.098495476,-0.040043226
169,3,0.099373319,-0.052031534,0.286590116,-0.112559957,-0.046102423,0.041704737,-0.135714947,-0.014976811,-0.108153597,0.144451193,0.024176279,0.047997209,-0.082586265,0.095242722,-0.044061777,0.039985531,0.056091346,0.049359698,-0.018462397,0.016149041
170,3,0.099373319,-0.052031534,0.286590116,-0.112559957,-0.046102423,0.041704737,-0.135714947,-0.014976811,-0.108153597,0.144451193,0.024176279,0.047997209,-0.082586265,0.095242722,-0.044061777,0.039985531,0.056091346,0.049359698,-0.018462397,0.016149041
171,11,-0.261391573,0.055263141,0.148142897,-0.064044197,0.147569905,0.015472287,-0.022288719,-0.069361636,-0.065290031,0.033460887,0.299594603,-0.119731597,-0.098041039,0.101091906,-0.126874638,0.032418064,-0.04093926,-0.220919212,0.048195921,0.042384204
172,11,-0.261391573,0.055263141,0.148142897,-0.064044197,0.147569905,0.015472287,-0.022288719,-0.069361636,-0.065290031,0.033460887,0.299594603,-0.119731597,-0.098041039,0.101091906,-0.126874638,0.032418064,-0.04093926,-0.220919212,0.048195921,0.042384204
173,16,-0.082755574,-0.004550175,0.138667689,0.103616992,0.133126088,0.129321443,0.063354659,0.052203292,0.013756963,0.068011664,-0.05943151,0.068491217,-0.062416008,-0.085040802,0.065518942,0.298579473,0.030447155,-0.154280346,0.040696484,0.039119227
174,16,-0.082755574,-0.004550175,0.138667689,0.103616992,0.133126088,0.129321443,0.063354659,0.052203292,0.013756963,0.068011664,-0.05943151,0.068491217,-0.062416008,-0.085040802,0.065518942,0.298579473,0.030447155,-0.154280346,0.040696484,0.039119227
175,16,-0.14026255,-0.014730887,-0.066622551,-0.000120858,0.051952318,0.041739052,-0.117564871,0.029501755,0.108624133,-0.102813851,-0.008084077,0.056131329,0.185528525,0.068114966,-0.106212005,0.51498689,-0.147368721,-0.019924015,0.032127167,-0.021576101
176,16,-0.14026255,-0.014730887,-0.066622551,-0.000120858,0.051952318,0.041739052,-0.117564871,0.029501755,0.108624133,-0.102813851,-0.008084077,0.056131329,0.185528525,0.068114966,-0.106212005,0.51498689,-0.147368721,-0.019924015,0.032127167,-0.021576101
177,10,-0.031688782,0.04720971,0.241178825,0.101431941,0.059873329,-0.116526485,0.132604003,-0.055591162,-0.006976284,0.500408506,-0.002061494,-0.071249623,-0.028472929,-0.005553,-0.1001211,-0.160025459,0.090094545,0.053010902,0.059071751,-0.017677447
178,10,-0.031688782,0.04720971,0.241178825,0.101431941,0.059873329,-0.116526485,0.132604003,-0.055591162,-0.006976284,0.500408506,-0.002061494,-0.071249623,-0.028472929,-0.005553,-0.1001211,-0.160025459,0.090094545,0.053010902,0.059071751,-0.017677447
179,13,0.175905368,-0.16543541,-0.008047806,-0.16856394,0.002347808,-0.093375301,-0.041057305,0.009659609,0.007152014,-0.001379922,0.010347295,-0.01419289,0.488083838,0.172511443,0.057473056,0.158123744,-0.033621386,0.12277169,-0.114716415,-0.069402892
180,13,0.175905368,-0.16543541,-0.008047806,-0.16856394,0.002347808,-0.093375301,-0.041057305,0.009659609,0.007152014,-0.001379922,0.010347295,-0.01419289,0.488083838,0.172511443,0.057473056,0.158123744,-0.033621386,0.12277169,-0.114716415,-0.069402892
181,12,-0.014594906,-0.129859279,0.039418472,-0.066620378,-0.133791931,-0.015339273,-0.066705121,0.020276261,0.121407762,-0.253138085,-0.123314221,0.692822448,-0.020471724,0.070134056,-0.276230994,0.015049003,0.034910995,0.054251502,-0.124914123,-0.155489267
182,12,-0.014594906,-0.129859279,0.039418472,-0.066620378,-0.133791931,-0.015339273,-0.066705121,0.020276261,0.121407762,-0.253138085,-0.123314221,0.692822448,-0.020471724,0.070134056,-0.276230994,0.015049003,0.034910995,0.054251502,-0.124914123,-0.155489267
183,11,0.026492024,-0.119659361,0.155209597,0.254973221,-0.047908626,0.034055653,-0.13845299,-0.193327485,-0.182728906,-0.202620742,0.690713742,-0.001102786,0.097016267,0.128823631,-0.02904879,0.201031926,0.014277241,-0.151862265,0.066334791,0.078170243
184,11,0.026492024,-0.119659361,0.155209597,0.254973221,-0.047908626,0.034055653,-0.13845299,-0.193327485,-0.182728906,-0.202620742,0.690713742,-0.001102786,0.097016267,0.128823631,-0.02904879,0.201031926,0.014277241,-0.151862265,0.066334791,0.078170243
185,4,-0.0498107,-0.171298303,-0.136806354,0.704275903,0.145184681,-0.076896359,-0.005069229,0.121632871,-0.038427236,0.086285586,-0.067115842,-0.038857098,-0.07025526,0.172321729,-0.127212553,0.114326735,-0.155971393,0.03417541,0.064847614,0.155376218
186,4,-0.0498107,-0.171298303,-0.136806354,0.704275903,0.145184681,-0.076896359,-0.005069229,0.121632871,-0.038427236,0.086285586,-0.067115842,-0.038857098,-0.07025526,0.172321729,-0.127212553,0.114326735,-0.155971393,0.03417541,0.064847614,0.155376218
187,17,-0.079952331,0.166569763,0.06956295,0.148183974,-0.022272648,0.201703302,0.122361895,0.040851524,0.083723812,0.111843152,-0.133790402,-0.302434772,0.080972832,0.176628552,0.030374506,0.091299153,0.906732363,-0.107316825,-0.072510198,-0.055237821
188,17,-0.079952331,0.166569763,0.06956295,0.148183974,-0.022272648,0.201703302,0.122361895,0.040851524,0.083723812,0.111843152,-0.133790402,-0.302434772,0.080972832,0.176628552,0.030374506,0.091299153,0.906732363,-0.107316825,-0.072510198,-0.055237821
189,11,0.059751746,-0.13467717,-0.10411992,0.047428684,0.176064095,-0.039903107,0.099007416,0.009484257,0.123806794,0.123774325,0.903656729,-0.045720857,0.021119229,-0.007617751,0.223823521,-0.107995232,0.05488835,0.058688492,0.085508027,0.060392547
190,11,0.059751746,-0.13467717,-0.10411992,0.047428684,0.176064095,-0.039903107,0.099007416,0.009484257,0.123806794,0.123774325,0.903656729,-0.045720857,0.021119229,-0.007617751,0.223823521,-0.107995232,0.05488835,0.058688492,0.085508027,0.060392547
191,3,0.174034204,0.041351169,0.905627169,0.015926293,-0.080929033,-0.159622432,-0.231223914,-0.051851296,-0.020736076,0.014552047,-0.035090565,0.003083082,0.138083473,-0.019382757,-0.083694532,0.0651441,-0.122505065,0.049214974,0.094928795,-0.085365715
192,3,0.174034204,0.041351169,0.905627169,0.015926293,-0.080929033,-0.159622432,-0.231223914,-0.051851296,-0.020736076,0.014552047,-0.035090565,0.003083082,0.138083473,-0.019382757,-0.083694532,0.0651441,-0.122505065,0.049214974,0.094928795,-0.085365715
193,11,0.153000695,-0.030174831,0.040046003,0.094926616,0.026256178,-0.068882898,0.229925707,0.217126936,-0.060615054,0.041327963,-0.705157581,0.217051731,0.071350735,-0.13825573,-0.391323065,0.230665483,0.060218455,0.282937111,-0.069383346,-0.062981104
194,11,0.153000695,-0.030174831,0.040046003,0.094926616,0.026256178,-0.068882898,0.229925707,0.217126936,-0.060615054,0.041327963,-0.705157581,0.217051731,0.071350735,-0.13825573,-0.391323065,0.230665483,0.060218455,0.282937111,-0.069383346,-0.062981104
195,9,0.109624034,0.006955225,0.277484513,-0.167416635,-0.013170008,0.229130925,-0.011154442,-0.301968905,-0.902042554,-0.135384952,-0.137163267,0.247059156,0.009019959,0.139889447,-0.20486759,-0.046812191,0.091005931,0.098715942,-0.020741624,0.108692478
196,9,0.109624034,0.006955225,0.277484513,-0.167416635,-0.013170008,0.229130925,-0.011154442,-0.301968905,-0.902042554,-0.135384952,-0.137163267,0.247059156,0.009019959,0.139889447,-0.20486759,-0.046812191,0.091005931,0.098715942,-0.020741624,0.108692478
197,11,0.055237647,0.242016157,-0.279587441,-0.151942262,0.033526259,0.127633353,0.088831636,0.207907366,0.186458661,-0.189623928,-0.898897031,0.032235613,0.155800124,0.09662151,0.113925786,-0.001375128,0.026155626,0.197306475,0.039896258,-0.243875988
198,11,0.055237647,0.242016157,-0.279587441,-0.151942262,0.033526259,0.127633353,0.088831636,0.207907366,0.186458661,-0.189623928,-0.898897031,0.032235613,0.155800124,0.09662151,0.113925786,-0.001375128,0.026155626,0.197306475,0.039896258,-0.243875988
199,12,0.145555632,0.094982037,0.208435975,0.002386426,-0.029509001,-0.305951575,0.020233602,0.073144583,-0.147775022,-0.197136118,0.170497806,-0.908659914,0.223200684,-0.029880174,-0.205509266,0.191257699,-0.204415199,0.196019862,-0.150497187,-0.143945198
200,12,0.145555632,0.094982037,0.208435975,0.002386426,-0.029509001,-0.305951575,0.020233602,0.073144583,-0.147775022,-0.197136118,0.170497806,-0.908659914,0.223200684,-0.029880174,-0.205509266,0.191257699,-0.204415199,0.196019862,-0.150497187,-0.143945198
201,20,0.291123827,-0.011530307,0.421522022,0.050189356,-0.043039347,0.172389054,-0.098931938,0.327173666,-0.073246873,-0.008576195,-0.072947351,-0.037918955,0.097240202,-0.119101087,-0.00951469,0.276432924,-0.29635954,0.200744912,-0.062392772,-0.699694562
202,20,0.291123827,-0.011530307,0.421522022,0.050189356,-0.043039347,0.172389054,-0.098931938,0.327173666,-0.073246873,-0.008576195,-0.072947351,-0.037918955,0.097240202,-0.119101087,-0.00951469,0.276432924,-0.29635954,0.200744912,-0.062392772,-0.699694562
203,11,-0.317966708,0.152170955,0.11998477,0.249470856,0.073974409,0.321508596,-0.143887848,-0.185484713,0.534401884,0.266325065,-0.711978487,0.282211971,0.195798858,-0.198932669,0.110600943,0.258390791,0.012819713,0.235135947,-0.292123961,0.130601761
204,11,-0.317966708,0.152170955,0.11998477,0.249470856,0.073974409,0.321508596,-0.143887848,-0.185484713,0.534401884,0.266325065,-0.711978487,0.282211971,0.195798858,-0.198932669,0.110600943,0.258390791,0.012819713,0.235135947,-0.292123961,0.130601761
205,18,0.282100666,0.274878073,-0.15988943,-0.051844307,0.11469489,0.045214713,0.409485346,0.04750457,0.301624382,0.139014978,0.29520885,-0.039982606,0.159292153,-0.289675777,0.192620227,0.016419965,-0.035033856,-0.499622998,-0.016776866,0.03921757
206,18,0.282100666,0.274878073,-0.15988943,-0.051844307,0.11469489,0.045214713,0.409485346,0.04750457,0.301624382,0.139014978,0.29520885,-0.039982606,0.159292153,-0.289675777,0.192620227,0.016419965,-0.035033856,-0.499622998,-0.016776866,0.03921757
207,6,0.037476155,0.183179602,0.071033644,-0.176819197,-0.075707094,-0.495159796,0.40714455,-0.018825715,-0.139320123,-0.086736988,-0.066420858,0.228106831,-0.041009443,0.496298535,-0.201367975,0.093732054,-0.203922686,-0.244273282,-0.213527832,-0.156175297
208,6,0.037476155,0.183179602,0.071033644,-0.176819197,-0.075707094,-0.495159796,0.40714455,-0.018825715,-0.139320123,-0.086736988,-0.066420858,0.228106831,-0.041009443,0.496298535,-0.201367975,0.093732054,-0.203922686,-0.244273282,-0.213527832,-0.156175297
209,7,-0.345347084,-0.081025374,0.077252069,-0.118713398,-0.002813261,-0.075297509,-0.312407931,0.153880913,0.190063243,0.071557137,0.01754831,-0.308599022,-0.03155692,-0.049424013,0.346385914,-0.116632292,-0.018535811,0.096088846,0.039026449,0.152370655
210,7,-0.345347084,-0.081025374,0.077252069,-0.118713398,-0.002813261,-0.075297509,-0.312407931,0.153880913,0.190063243,0.071557137,0.01754831,-0.308599022,-0.03155692,-0.049424013,0.346385914,-0.116632292,-0.018535811,0.096088846,0.039026449,0.152370655
211,5,0.082931139,-0.19828482,0.070460446,0.050728737,-0.496700336,0.269374487,-0.109366088,-0.203972291,0.199587399,-0.022261306,0.113936043,0.056568154,0.067950985,-0.236343374,-0.102713234,0.143360613,0.083132612,-0.483144599,-0.268845037,-0.037957783
212,5,0.082931139,-0.19828482,0.070460446,0.050728737,-0.496700336,0.269374487,-0.109366088,-0.203972291,0.199587399,-0.022261306,0.113936043,0.056568154,0.067950985,-0.236343374,-0.102713234,0.143360613,0.083132612,-0.483144599,-0.268845037,-0.037957783
213,12,-0.055262696,0.059708533,0.30152946,-0.117870585,0.237275429,-0.174547797,0.154170689,-0.05560186,0.202237303,0.186808353,-0.104074477,-0.287097575,0.001983451,0.172515203,0.326510374,-0.312026936,-0.126232366,-0.099516688,0.079069711,0.332830734
214,12,-0.055262696,0.059708533,0.30152946,-0.117870585,0.237275429,-0.174547797,0.154170689,-0.05560186,0.202237303,0.186808353,-0.104074477,-0.287097575,0.001983451,0.172515203,0.326510374,-0.312026936,-0.126232366,-0.099516688,0.079069711,0.332830734
215,6,-0.238899192,0.28399902,0.16424804,0.129408645,-0.23412319,-0.301251432,-0.268319792,-0.40606954,-0.167065009,-0.38699571,-0.201896663,0.089062721,-0.030486193,0.032755452,-0.10931081,-0.186695508,-0.254824253,0.172212367,0.054701541,-0.113249893
216,6,-0.238899192,0.28399902,0.16424804,0.129408645,-0.23412319,-0.301251432,-0.268319792,-0.40606954,-0.167065009,-0.38699571,-0.201896663,0.089062721,-0.030486193,0.032755452,-0.10931081,-0.186695508,-0.254824253,0.172212367,0.054701541,-0.113249893
217,7,-0.155464314,0.051932979,-0.077676513,-0.350311336,0.222830188,0.105147104,0.303613154,-0.053220566,0.253625793,-0.012384339,0.16082831,-0.093887288,0.358932312,0.183842206,-0.019748774,0.340860339,-0.018636275,0.001371692,-0.175233538,-0.022519342
218,7,-0.155464314,0.051932979,-0.077676513,-0.350311336,0.222830188,0.105147104,0.303613154,-0.053220566,0.253625793,-0.012384339,0.16082831,-0.093887288,0.358932312,0.183842206,-0.019748774,0.340860339,-0.018636275,0.001371692,-0.175233538,-0.022519342
219,13,0.018342054,-0.032314192,0.223169339,-0.027864835,-0.112468335,0.187617244,-0.123523258,0.227635506,-0.133737861,0.292896456,-0.032374506,0.077318235,0.499012271,-0.146702439,0.200552248,-0.067862771,0.002239337,-0.057469713,-0.17385434,-0.040348095
220,13,0.018342054,-0.032314192,0.223169339,-0.027864835,-0.112468335,0.187617244,-0.123523258,0.227635506,-0.133737861,0.292896456,-0.032374506,0.077318235,0.499012271,-0.146702439,0.200552248,-0.067862771,0.002239337,-0.057469713,-0.17385434,-0.040348095
221,1,0.492157491,0.207222796,-0.148406306,-0.146576318,-0.09350028,0.273229409,-0.199386197,0.029240422,-0.283907393,0.184202769,-0.009325662,-0.006580736,0.148883462,0.309171315,-0.033744608,0.305625306,-0.159516258,0.136708951,0.00692883,-0.31390698
222,1,0.492157491,0.207222796,-0.148406306,-0.146576318,-0.09350028,0.273229409,-0.199386197,0.029240422,-0.283907393,0.184202769,-0.009325662,-0.006580736,0.148883462,0.309171315,-0.033744608,0.305625306,-0.159516258,0.136708951,0.00692883,-0.31390698
223,10,-0.18247934,0.004755747,0.271671194,-0.225544194,-0.106750704,0.044581502,0.002460368,-0.176920518,0.162901981,0.499006824,-0.02790189,-0.049642652,-0.206582789,0.192574197,0.071135522,-0.078643144,0.032149343,0.136292489,-0.200440558,0.310750508
224,10,-0.18247934,0.004755747,0.271671194,-0.225544194,-0.106750704,0.044581502,0.002460368,-0.176920518,0.162901981,0.499006824,-0.02790189,-0.049642652,-0.206582789,0.192574197,0.071135522,-0.078643144,0.032149343,0.136292489,-0.200440558,0.310750508
225,20,0.184283026,-0.254272449,-0.08671955,0.296857217,-0.229701593,-0.122260472,-0.179927533,-0.185896826,-0.130244657,0.272909273,-0.105627809,0.053232908,-0.303173253,0.098194742,0.275687584,-0.308919711,0.278745721,-0.222046674,0.327586075,0.311310534
226,20,0.184283026,-0.254272449,-0.08671955,0.296857217,-0.229701593,-0.122260472,-0.179927533,-0.185896826,-0.130244657,0.272909273,-0.105627809,0.053232908,-0.303173253,0.098194742,0.275687584,-0.308919711,0.278745721,-0.222046674,0.327586075,0.311310534
227,2,-0.054232288,0.291578232,-0.102080857,0.247960076,-0.089214167,0.415524162,-0.087184172,-0.100011095,-0.085069133,-0.088254721,-0.10302767,0.077465469,0.032817286,0.339119068,-0.10619718,-0.011575721,-0.305410442,0.046784641,0.119098527,-0.321534328
228,2,-0.054232288,0.291578232,-0.102080857,0.247960076,-0.089214167,0.415524162,-0.087184172,-0.100011095,-0.085069133,-0.088254721,-0.10302767,0.077465469,0.032817286,0.339119068,-0.10619718,-0.011575721,-0.305410442,0.046784641,0.119098527,-0.321534328
229,5,-0.148343287,0.150740442,-0.010213064,-0.240557409,0.714854662,-0.169675955,0.193369334,-0.001724008,0.022103468,-0.019229608,0.125675783,-0.22456186,-0.136959061,0.154031201,0.523005234,0.167798624,0.059171352,0.046643536,-0.289074163,0.009501044
230,5,-0.148343287,0.150740442,-0.010213064,-0.240557409,0.714854662,-0.169675955,0.193369334,-0.001724008,0.022103468,-0.019229608,0.125675783,-0.22456186,-0.136959061,0.154031201,0.523005234,0.167798624,0.059171352,0.046643536,-0.289074163,0.009501044
231,10,-0.065445069,-0.068797503,-0.102380987,-0.423151017,-0.04936022,0.032264423,0.069271496,0.277549641,-0.015285197,0.696325465,0.140812706,-0.247705256,0.008553424,0.164853446,-0.108102194,0.064134128,-0.084775241,-0.142729618,0.001022145,0.049565256
232,10,-0.065445069,-0.068797503,-0.102380987,-0.423151017,-0.04936022,0.032264423,0.069271496,0.277549641,-0.015285197,0.696325465,0.140812706,-0.247705256,0.008553424,0.164853446,-0.108102194,0.064134128,-0.084775241,-0.142729618,0.001022145,0.049565256
233,5,0.107629241,-0.263994504,0.048228936,0.07175947,0.686395662,0.279458964,0.01170925,-0.44267229,0.237619435,0.15102323,0.122761077,0.204369872,-0.030625711,-0.069310562,-0.16800468,0.038167649,-0.100399142,0.061880689,-0.159270422,-0.115934299
234,5,0.107629241,-0.263994504,0.048228936,0.07175947,0.686395662,0.279458964,0.01170925,-0.44267229,0.237619435,0.15102323,0.122761077,0.204369872,-0.030625711,-0.069310562,-0.16800468,0.038167649,-0.100399142,0.061880689,-0.159270422,-0.115934299
235,15,-0.053894101,-0.129720894,-0.038120989,0.335694322,-0.194338701,0.202668754,0.012844497,-0.203045787,0.105243027,0.075008819,-0.084742169,0.034794649,-0.030039978,0.176539241,0.897028328,-0.066395826,-0.033675242,-0.386716955,-0.270583825,0.176246066
236,15,-0.053894101,-0.129720894,-0.038120989,0.335694322,-0.194338701,0.202668754,0.012844497,-0.203045787,0.105243027,0.075008819,-0.084742169,0.034794649,-0.030039978,0.176539241,0.897028328,-0.066395826,-0.033675242,-0.386716955,-0.270583825,0.176246066
237,7,-0.088925442,-0.069549078,0.317174503,-0.069147586,-0.112425171,0.320462927,0.899709739,0.147255527,0.137397606,-0.182131451,-0.07322947,0.201861831,0.063065657,0.19517199,0.051846653,-0.238173732,-0.124884458,-0.196225462,0.022948021,-0.011296757
238,7,-0.088925442,-0.069549078,0.317174503,-0.069147586,-0.112425171,0.320462927,0.899709739,0.147255527,0.137397606,-0.182131451,-0.07322947,0.201861831,0.063065657,0.19517199,0.051846653,-0.238173732,-0.124884458,-0.196225462,0.022948021,-0.011296757
239,17,0.379970687,0.045765727,0.358514218,0.0692301,0.045413297,0.068980994,-0.247909785,-0.278672692,0.001815903,0.410529973,-0.267182738,0.123941804,-0.090837066,-0.160693799,0.053729025,-0.115929011,0.895952638,0.048895541,0.205562149,0.071897358
240,17,0.379970687,0.045765727,0.358514218,0.0692301,0.045413297,0.068980994,-0.247909785,-0.278672692,0.001815903,0.410529973,-0.267182738,0.123941804,-0.090837066,-0.160693799,0.053729025,-0.115929011,0.895952638,0.048895541,0.205562149,0.071897358
241,15,-0.053224633,0.014897406,0.076268113,-0.003157647,-0.287975379,-0.129056121,0.098805687,-0.102059266,0.034945379,0.175317804,-0.062608848,-0.134124698,-0.063593468,-0.009443253,-0.913904496,-0.052575201,0.000332362,-0.077484712,-0.121751266,0.226739865
242,15,-0.053224633,0.014897406,0.076268113,-0.003157647,-0.287975379,-0.129056121,0.098805687,-0.102059266,0.034945379,0.175317804,-0.062608848,-0.134124698,-0.063593468,-0.009443253,-0.913904496,-0.052575201,0.000332362,-0.077484712,-0.121751266,0.226739865
243,19,0.055168974,-0.165081359,0.21972282,-0.109781544,-0.018076613,0.023706153,-0.001995331,-0.158971129,0.108242574,-0.03260848,-0.254458563,-0.047737917,-0.068608722,-0.052275269,0.02072414,0.073902977,-0.155812277,0.154626582,-0.89882392,-0.08609796
244,19,0.055168974,-0.165081359,0.21972282,-0.109781544,-0.018076613,0.023706153,-0.001995331,-0.158971129,0.108242574,-0.03260848,-0.254458563,-0.047737917,-0.068608722,-0.052275269,0.02072414,0.073902977,-0.155812277,0.154626582,-0.89882392,-0.08609796
245,20,0.055953817,0.095435923,0.1155326,0.159274972,-0.327669905,-0.038521869,0.004014501,0.121283585,-0.001441995,-0.010251233,0.105351899,-0.076450659,-0.234732425,-0.085271806,-0.008621265,0.155702512,0.000208625,0.030283733,0.093057071,-0.887547853
246,20,0.055953817,0.095435923,0.1155326,0.159274972,-0.327669905,-0.038521869,0.004014501,0.121283585,-0.001441995,-0.010251233,0.105351899,-0.076450659,-0.234732425,-0.085271806,-0.008621265,0.155702512,0.000208625,0.030283733,0.093057071,-0.887547853
247,10,0.226573821,-0.138333174,0.199533257,-0.149987216,0.199680899,-0.016819763,0.041572328,0.110238322,0.365709782,-0.711775328,-0.1905123,-0.058378149,-0.200126348,-0.030082483,0.170084824,-0.205371305,-0.230448805,-0.009231597,0.112389945,-0.204410762
248,10,0.226573821,-0.138333174,0.199533257,-0.149987216,0.199680899,-0.016819763,0.041572328,0.110238322,0.365709782,-0.711775328,-0.1905123,-0.058378149,-0.200126348,-0.030082483,0.170084824,-0.205371305,-0.230448805,-0.009231597,0.112389945,-0.204410762
249,15,0.201043924,-0.020472599,0.200185404,0.140260704,0.098666283,0.187240366,0.033123789,-0.093331287,-0.075022846,0.052957706,0.047124666,-0.06052107,0.033985137,0.111362926,-0.693750239,0.047190794,-0.037469812,0.222532788,0.120858714,-0.079358085
250,15,0.201043924,-0.020472599,0.200185404,0.140260704,0.098666283,0.187240366,0.033123789,-0.093331287,-0.075022846,0.052957706,0.047124666,-0.06052107,0.033985137,0.111362926,-0.693750239,0.047190794,-0.037469812,0.222532788,0.120858714,-0.079358085
251,6,0.115235004,0.112156968,0.193373004,-0.126351393,0.035101106,-0.687437114,-0.212100182,0.13861284,0.081886644,0.207421764,-0.090999257,-0.154399387,0.004576517,-0.076837415,0.283956365,-0.052202001,-0.01173892,-0.129796461,-0.050629573,-0.051499443
252,6,0.115235004,0.112156968,0.193373004,-0.126351393,0.035101106,-0.687437114,-0.212100182,0.13861284,0.081886644,0.207421764,-0.090999257,-0.154399387,0.004576517,-0.076837415,0.283956365,-0.052202001,-0.01173892,-0.129796461,-0.050629573,-0.051499443
253,10,-0.016879527,0.000522611,-0.099205628,-0.08190845,-0.115565505,0.231950793,0.11276582,0.12620113,0.280899523,-0.508414717,0.073327124,0.023979889,-0.035635704,0.081195201,0.183231296,-0.006386971,-0.120425918,0.101614592,0.255136268,-0.118359434
254,10,-0.016879527,0.000522611,-0.099205628,-0.08190845,-0.115565505,0.231950793,0.11276582,0.12620113,0.280899523,-0.508414717,0.073327124,0.023979889,-0.035635704,0.081195201,0.183231296,-0.006386971,-0.120425918,0.101614592,0.255136268,-0.118359434
255,15,0.136446326,-0.289775857,-0.039819603,0.195664,0.135405826,0.092961659,-0.081378483,-0.036108132,-0.120263112,-0.11435734,0.049412907,0.024433603,0.083573946,-0.096110158,-0.500394762,-0.139144876,-0.064054978,-0.129874106,0.040537084,-0.127253755
256,15,0.136446326,-0.289775857,-0.039819603,0.195664,0.135405826,0.092961659,-0.081378483,-0.036108132,-0.120263112,-0.11435734,0.049412907,0.024433603,0.083573946,-0.096110158,-0.500394762,-0.139144876,-0.064054978,-0.129874106,0.040537084,-0.127253755
257,11,0.135404095,-0.003871431,0.029901803,0.089866946,0.077847034,0.00642075,-0.073439909,0.038291366,0.184485926,-0.052652064,-0.489842329,0.158124344,0.207406675,-0.151564123,0.029706025,-0.186088179,-0.015070237,0.018065442,0.081802741,-0.056402013
258,11,0.135404095,-0.003871431,0.029901803,0.089866946,0.077847034,0.00642075,-0.073439909,0.038291366,0.184485926,-0.052652064,-0.489842329,0.158124344,0.207406675,-0.151564123,0.029706025,-0.186088179,-0.015070237,0.018065442,0.081802741,-0.056402013
259,3,-0.079733473,0.144612201,-0.292215938,0.014113582,0.216133711,-0.155460282,-0.067677986,-0.039564972,-0.174697579,-0.137679108,-0.098232202,-0.093597057,-0.00564259,0.137787511,-0.028621225,0.129268691,0.004068929,-0.278444927,0.052753444,-0.160670586
260,3,-0.079733473,0.144612201,-0.292215938,0.014113582,0.216133711,-0.155460282,-0.067677986,-0.039564972,-0.174697579,-0.137679108,-0.098232202,-0.093597057,-0.00564259,0.137787511,-0.028621225,0.129268691,0.004068929,-0.278444927,0.052753444,-0.160670586
261,10,0.085901862,0.17337425,0.014533704,-0.153305445,0.055353621,0.227007011,0.008816193,0.124229585,0.126429239,-0.291962601,-0.109164228,-0.048020753,0.102441818,0.082203279,-0.03947411,0.098299462,-0.018669322,0.165654927,0.080650411,-0.053453639
262,10,0.085901862,0.17337425,0.014533704,-0.153305445,0.055353621,0.227007011,0.008816193,0.124229585,0.126429239,-0.291962601,-0.109164228,-0.048020753,0.102441818,0.082203279,-0.03947411,0.098299462,-0.018669322,0.165654927,0.080650411,-0.053453639
263,19,0.293298938,-0.088600823,0.105741889,0.372901481,0.159657981,0.250721268,0.133582278,0.084514473,-0.050564558,-0.104242538,0.005091341,-0.087100422,0.059614133,-0.146651489,0.056491552,0.155938872,-0.134008227,-0.04921599,-0.295125095,0.03871544
264,19,0.293298938,-0.088600823,0.105741889,0.372901481,0.159657981,0.250721268,0.133582278,0.084514473,-0.050564558,-0.104242538,0.005091341,-0.087100422,0.059614133,-0.146651489,0.056491552,0.155938872,-0.134008227,-0.04921599,-0.295125095,0.03871544
265,17,0.21118645,-0.129761568,0.03446191,0.032164906,-0.205358688,-0.014246111,0.168715199,0.142611457,-0.089429721,-0.038780233,0.146276283,0.012161301,0.259696767,0.112286892,0.146751948,0.028898999,0.290228769,-0.0812054,-0.056767719,0.04987992
266,17,0.21118645,-0.129761568,0.03446191,0.032164906,-0.205358688,-0.014246111,0.168715199,0.142611457,-0.089429721,-0.038780233,0.146276283,0.012161301,0.259696767,0.112286892,0.146751948,0.028898999,0.290228769,-0.0812054,-0.056767719,0.04987992
267,9,0.1072951,-0.122012237,-0.193311409,-0.035788695,0.103977777,0.160298799,-0.137264428,-0.116394907,0.304557084,0.016174881,-0.041659102,-0.012848794,0.040406214,-0.045011771,0.175732223,-0.26045235,-0.018765354,-0.294691732,0.089042253,-0.14651663
268,9,0.1072951,-0.122012237,-0.193311409,-0.035788695,0.103977777,0.160298799,-0.137264428,-0.116394907,0.304557084,0.016174881,-0.041659102,-0.012848794,0.040406214,-0.045011771,0.175732223,-0.26045235,-0.018765354,-0.294691732,0.089042253,-0.14651663
269,10,0.039941394,0.277874147,-0.036943569,0.118680472,-0.103113945,-0.209057988,-0.056292346,-0.271326281,-0.036886334,0.487385781,-0.278783366,0.116021913,0.131090077,0.10402431,0.077203538,-0.150811705,0.166676043,0.051921585,-0.02101309,-0.093992378
270,10,0.039941394,0.277874147,-0.036943569,0.118680472,-0.103113945,-0.209057988,-0.056292346,-0.271326281,-0.036886334,0.487385781,-0.278783366,0.116021913,0.131090077,0.10402431,0.077203538,-0.150811705,0.166676043,0.051921585,-0.02101309,-0.093992378
271,2,-0.020570955,0.502058437,0.054365109,-0.139514423,0.014226134,0.175937972,-0.09703705,-0.055215878,-0.082208373,-0.194229644,-0.287247701,-0.095307195,-0.022174645,0.096490364,0.008757715,0.308032822,-0.068497612,-0.134702323,0.067629978,0.230363725
272,2,-0.020570955,0.502058437,0.054365109,-0.139514423,0.014226134,0.175937972,-0.09703705,-0.055215878,-0.082208373,-0.194229644,-0.287247701,-0.095307195,-0.022174645,0.096490364,0.008757715,0.308032822,-0.068497612,-0.134702323,0.067629978,0.230363725
273,3,-0.179513861,-0.257573495,0.711971335,0.162122377,-0.075602381,0.149577096,-0.261725203,-0.05707423,0.090740469,0.361954415,-0.008168279,0.158361288,-0.189722779,0.057300537,0.133534665,-0.01448054,-0.065987525,0.137105221,-0.030818679,-0.086493281
274,3,-0.179513861,-0.257573495,0.711971335,0.162122377,-0.075602381,0.149577096,-0.261725203,-0.05707423,0.090740469,0.361954415,-0.008168279,0.158361288,-0.189722779,0.057300537,0.133534665,-0.01448054,-0.065987525,0.137105221,-0.030818679,-0.086493281
275,1,0.302398671,-0.146512172,-0.283885796,-0.024897882,-0.059485081,0.029168483,-0.040818461,-0.008508688,0.081727464,-0.00412456,0.036779741,-0.319839628,-0.144368149,-0.296515778,0.187808078,-0.231776806,0.180841435,-0.060073973,-0.014398956,-0.09650211
276,1,0.302398671,-0.146512172,-0.283885796,-0.024897882,-0.059485081,0.029168483,-0.040818461,-0.008508688,0.081727464,-0.00412456,0.036779741,-0.319839628,-0.144368149,-0.296515778,0.187808078,-0.231776806,0.180841435,-0.060073973,-0.014398956,-0.09650211
277,10,0.015991517,0.032657559,-0.146350982,-0.218936726,-0.048355243,0.153241117,0.144257974,0.221869733,-0.025273585,0.511512633,0.109799644,-0.130311207,-0.196868801,-0.151961266,-0.001784124,0.00240703,-0.211922067,0.002448462,0.028645575,0.08534637
278,10,0.015991517,0.032657559,-0.146350982,-0.218936726,-0.048355243,0.153241117,0.144257974,0.221869733,-0.025273585,0.511512633,0.109799644,-0.130311207,-0.196868801,-0.151961266,-0.001784124,0.00240703,-0.211922067,0.002448462,0.028645575,0.08534637
279,11,0.00429161,0.075952488,-0.09412496,-0.018504072,0.061840289,0.152548759,-0.180072471,0.092696711,0.032539132,-0.073753146,0.705532992,-0.213492207,0.043749233,0.021061961,-0.184153095,-0.129592383,-0.039346116,0.155654354,0.003179985,-0.243598417
280,11,0.00429161,0.075952488,-0.09412496,-0.018504072,0.061840289,0.152548759,-0.180072471,0.092696711,0.032539132,-0.073753146,0.705532992,-0.213492207,0.043749233,0.021061961,-0.184153095,-0.129592383,-0.039346116,0.155654354,0.003179985,-0.243598417
281,7,0.055961679,-0.106610349,0.054550937,0.107860944,0.025486875,-0.084396503,0.710515795,-0.294250398,0.153230543,-0.014951917,0.096810669,0.076516962,-0.086947304,0.097985342,-0.086354729,0.001010849,-0.038660516,-0.082102869,-0.02934694,-0.212967153
282,7,0.055961679,-0.106610349,0.054550937,0.107860944,0.025486875,-0.084396503,0.710515795,-0.294250398,0.153230543,-0.014951917,0.096810669,0.076516962,-0.086947304,0.097985342,-0.086354729,0.001010849,-0.038660516,-0.082102869,-0.02934694,-0.212967153
283,12,0.054234189,-0.134870322,0.039426903,0.144480659,0.006060341,-0.235453043,-0.100344239,0.006615994,-0.017485047,-0.125672446,-0.091019806,0.897204648,-0.017447392,-0.057810592,0.092395877,-0.063985051,-0.109848231,-0.160322311,-0.092379775,-0.215411024
284,12,0.054234189,-0.134870322,0.039426903,0.144480659,0.006060341,-0.235453043,-0.100344239,0.006615994,-0.017485047,-0.125672446,-0.091019806,0.897204648,-0.017447392,-0.057810592,0.092395877,-0.063985051,-0.109848231,-0.160322311,-0.092379775,-0.215411024
285,14,0.053057724,0.130051494,0.032161235,-0.223097704,0.110651102,-0.150563484,-0.10724158,0.068336993,-0.19849478,0.021245843,0.050516789,0.14818435,0.131573593,0.904243879,0.239982563,-0.045639526,0.012680832,-0.395001751,0.219907766,-0.011788797
286,14,0.053057724,0.130051494,0.032161235,-0.223097704,0.110651102,-0.150563484,-0.10724158,0.068336993,-0.19849478,0.021245843,0.050516789,0.14818435,0.131573593,0.904243879,0.239982563,-0.045639526,0.012680832,-0.395001751,0.219907766,-0.011788797
287,1,0.885362862,0.353196977,-0.004594172,0.041414943,-0.005349036,0.086824377,-0.170045903,0.033692497,0.130390054,0.093216792,-0.067525018,-0.17719546,0.206458504,0.154742196,0.007273996,0.165603658,-0.103467266,-0.181391183,-0.129075667,-0.297619045
288,1,0.885362862,0.353196977,-0.004594172,0.041414943,-0.005349036,0.086824377,-0.170045903,0.033692497,0.130390054,0.093216792,-0.067525018,-0.17719546,0.206458504,0.154742196,0.007273996,0.165603658,-0.103467266,-0.181391183,-0.129075667,-0.297619045
