,pic_id,data_id,correlation,autocorrelation,max_null,average_null,pic_name,test_param,smoothed,true_pos,sample_size,n,difficulty,percent,attempt
1,1,1,-0.903131322,-0.302205566,-0.732430186,-0.110885027,sxZ7BJdZVcKNQ.svg,scatter,no,3,5,12,-4,0.4,10
2,2,1,-0.903131322,-0.302205566,-0.732430186,-0.110885027,lOHaqLF7qWj2h.svg,line,no,3,5,12,-4,0.111111111,9
3,3,2,-0.899675221,-0.181026176,-0.60059548,0.031145251,seJ4YEBglF36j.svg,scatter,no,3,5,12,-4,0.25,4
4,4,2,-0.899675221,-0.181026176,-0.60059548,0.031145251,lt2UdfG8SgiEm.svg,line,no,3,5,12,-4,0.25,8
5,5,3,-0.906041852,0.255809463,0.54881202,-0.014351851,ssSx6XHa8BWoc.svg,scatter,no,17,5,12,-4,0.888888889,9
6,6,3,-0.906041852,0.255809463,0.54881202,-0.014351851,lkWnYkGDjnFyb.svg,line,no,17,5,12,-4,0.3,10
7,7,4,-0.712432222,0.420355497,0.563969095,0.032082933,scGA4EXdyXzcu.svg,scatter,no,11,5,12,-3,0.083333333,12
8,8,4,-0.712432222,0.420355497,0.563969095,0.032082933,lGXOabsBYu9By.svg,line,no,11,5,12,-3,0.166666667,6
9,9,5,-0.706818673,0.392848763,-0.671109212,-0.016620454,sLnEuzTszLnYa.svg,scatter,no,8,5,12,-3,0,9
10,10,5,-0.706818673,0.392848763,-0.671109212,-0.016620454,l1suMgQ1onhte.svg,line,no,8,5,12,-3,0,5
11,11,6,-0.712848424,0.502773815,-0.616839543,-0.141562009,s2i5110Rhqp5x.svg,scatter,no,2,5,12,-3,0.285714286,7
12,12,6,-0.712848424,0.502773815,-0.616839543,-0.141562009,lJb6SxfKVRRVK.svg,line,no,2,5,12,-3,0,8
13,13,7,-0.307076754,-0.004745201,-0.614558774,-0.056374025,s5jw3ExpsqiTK.svg,scatter,no,5,5,12,-1,0,5
14,14,7,-0.307076754,-0.004745201,-0.614558774,-0.056374025,ltEznrhHcdANJ.svg,line,no,5,5,12,-1,0,5
15,15,8,-0.507081219,-0.06619234,-0.610811793,-0.092659835,szHUU6DHGCxDh.svg,scatter,no,7,5,12,-2,0,4
16,16,8,-0.507081219,-0.06619234,-0.610811793,-0.092659835,lC71LQKPWxRaH.svg,line,no,7,5,12,-2,0,9
17,17,9,-0.294654381,-0.185435022,-0.571079981,-0.170809828,sQ05T5tj4xtsW.svg,scatter,no,10,5,12,-1,0,8
18,18,9,-0.294654381,-0.185435022,-0.571079981,-0.170809828,l5O8EolGnTpjN.svg,line,no,10,5,12,-1,0,8
19,19,10,-0.507334098,-0.36553381,-0.584202456,0.052926976,sf18t1vbsmFSM.svg,scatter,no,2,5,12,-2,0,6
20,20,10,-0.507334098,-0.36553381,-0.584202456,0.052926976,lUJZoVZvoWCoI.svg,line,no,2,5,12,-2,0,5
21,21,11,-0.306112885,-0.118418951,-0.827552894,-0.029223996,seKLJAz59bd29.svg,scatter,no,7,5,12,-1,0,6
22,22,11,-0.306112885,-0.118418951,-0.827552894,-0.029223996,leihIHh6Ea683.svg,line,no,7,5,12,-1,0,11
23,23,12,-0.492802717,-0.308178108,0.711396147,0.13716061,s0z8Hq6d5VZp0.svg,scatter,no,11,5,12,-2,0,5
24,24,12,-0.492802717,-0.308178108,0.711396147,0.13716061,lqACzrk8qeYzS.svg,line,no,11,5,12,-2,0.071428571,14
25,25,13,0.492651787,-0.126806305,-0.455182236,-0.062430027,sQKUyoVqThz36.svg,scatter,no,8,5,12,2,0.25,4
26,26,13,0.492651787,-0.126806305,-0.455182236,-0.062430027,lbX8ILtKlC3GQ.svg,line,no,8,5,12,2,0.333333333,3
27,27,14,0.289451744,0.009845521,-0.7162746,0.063517442,sdppTwXjPIJVR.svg,scatter,no,14,5,12,1,0,9
28,28,14,0.289451744,0.009845521,-0.7162746,0.063517442,loOXKrpyBZe9j.svg,line,no,14,5,12,1,0,7
29,29,15,0.312793985,0.337055494,-0.611446665,0.019578684,sHzf4fnbvxOT1.svg,scatter,no,7,5,12,1,0,12
30,30,15,0.312793985,0.337055494,-0.611446665,0.019578684,lTLekOln7jBi8.svg,line,no,7,5,12,1,0.153846154,13
31,31,16,0.486037914,-0.072848233,-0.588400349,-0.037905651,slvnsxJ1aqAoD.svg,scatter,no,19,5,12,2,0.125,8
32,32,16,0.486037914,-0.072848233,-0.588400349,-0.037905651,lKn8gje9klWFt.svg,line,no,19,5,12,2,0.333333333,3
33,33,17,0.503966554,0.040055836,0.796425754,0.058935952,sEe05NAB88PZb.svg,scatter,no,16,5,12,2,0,2
34,34,17,0.503966554,0.040055836,0.796425754,0.058935952,l5B5b1TyVjv3z.svg,line,no,16,5,12,2,0.333333333,12
35,35,18,0.301901918,0.131871039,0.347690822,-0.007221195,sy5Sx1qtaPIAm.svg,scatter,no,16,5,12,1,0,6
36,36,18,0.301901918,0.131871039,0.347690822,-0.007221195,lw8mpdWZl8cfR.svg,line,no,16,5,12,1,0,18
37,37,19,0.699794131,-0.004991127,-0.612039513,-0.122494088,sLxIoDd7011CT.svg,scatter,no,7,5,12,3,0.5,4
38,38,19,0.699794131,-0.004991127,-0.612039513,-0.122494088,lozq6RFMtQ0bA.svg,line,no,7,5,12,3,0.6,5
39,39,20,0.711263974,0.216376805,-0.610888581,-0.046839464,s2BSdbim9aDIM.svg,scatter,no,7,5,12,3,0.142857143,7
40,40,20,0.711263974,0.216376805,-0.610888581,-0.046839464,le1pfT4N7ybeh.svg,line,no,7,5,12,3,0,5
41,41,21,0.708032347,0.413683267,0.606269153,0.091794479,sU2wFafx71N99.svg,scatter,no,19,5,12,3,0.142857143,7
42,42,21,0.708032347,0.413683267,0.606269153,0.091794479,l10eu93wUpnfY.svg,line,no,19,5,12,3,0,5
43,43,22,0.885498097,0.034154939,-0.732227239,-0.066536164,sYwOWRHsBniov.svg,scatter,no,3,5,12,4,1,10
44,44,22,0.885498097,0.034154939,-0.732227239,-0.066536164,lYbEZpfTosQLr.svg,line,no,3,5,12,4,0.571428571,7
45,45,23,0.912089412,-0.658401132,0.645004225,-0.009385916,sDXv0Fyotzeb1.svg,scatter,no,19,5,12,4,0.777777778,9
46,46,23,0.912089412,-0.658401132,0.645004225,-0.009385916,lRRvZaj5z5p3y.svg,line,no,19,5,12,4,0.666666667,6
47,47,24,0.895346895,-0.039168862,-0.764928722,-0.106155005,sAfLO1Jj3ExLh.svg,scatter,no,8,5,12,4,0.923076923,13
48,48,24,0.895346895,-0.039168862,-0.764928722,-0.106155005,l6MKrtFColsJn.svg,line,no,8,5,12,4,0.75,12
49,49,25,-0.900764118,-0.195614981,0.330771634,0.056270523,scxrz8tArp6wH.svg,scatter,no,16,5,24,-4,1,5
50,50,25,-0.900764118,-0.195614981,0.330771634,0.056270523,ldqO0XZDfpmAY.svg,line,no,16,5,24,-4,0.285714286,7
51,51,26,-0.902386366,0.093835472,-0.46292096,-0.055229528,sO1iXjlLh3kId.svg,scatter,no,19,5,24,-4,0.571428571,7
52,52,26,-0.902386366,0.093835472,-0.46292096,-0.055229528,lzGV08K8pWlMg.svg,line,no,19,5,24,-4,0.2,5
53,53,27,-0.913421721,-0.162484079,-0.422162024,-0.070033676,shilQOTBXOzCS.svg,scatter,no,10,5,24,-4,0.8,10
54,54,27,-0.913421721,-0.162484079,-0.422162024,-0.070033676,lzFSiC9SNl6n0.svg,line,no,10,5,24,-4,0.090909091,11
55,55,28,-0.696457225,0.459963894,-0.381225251,-0.007459039,st6g60B6Gihj5.svg,scatter,no,7,5,24,-3,0.777777778,9
56,56,28,-0.696457225,0.459963894,-0.381225251,-0.007459039,lLq68dVv2bdEO.svg,line,no,7,5,24,-3,0.25,8
57,57,29,-0.699578454,-0.091681625,0.470548312,-0.066948232,spJoR7RRGzSs0.svg,scatter,no,4,5,24,-3,1,4
58,58,29,-0.699578454,-0.091681625,0.470548312,-0.066948232,lMLDGVZ3EhUwT.svg,line,no,4,5,24,-3,0.25,4
59,59,30,-0.714357586,0.101520552,-0.309044763,0.02252784,sz9pGvenlmomx.svg,scatter,no,8,5,24,-3,0.625,8
60,60,30,-0.714357586,0.101520552,-0.309044763,0.02252784,ljbBT1Fi4ZbOo.svg,line,no,8,5,24,-3,0.333333333,9
61,61,31,-0.511403495,0.389815552,0.390441089,0.077734877,s459PzrupyCfD.svg,scatter,no,18,5,24,-2,0.25,4
62,62,31,-0.511403495,0.389815552,0.390441089,0.077734877,layA8NIxd0ayL.svg,line,no,18,5,24,-2,0.111111111,9
63,63,32,-0.503695286,0.132135694,-0.404673401,0.013629597,spItiTCfJugtj.svg,scatter,no,15,5,24,-2,0.666666667,3
64,64,32,-0.503695286,0.132135694,-0.404673401,0.013629597,l66fhZqYQKSwG.svg,line,no,15,5,24,-2,0.142857143,7
65,65,33,-0.491151691,0.556213577,0.277174569,-0.001999253,sMSCqnhbwW4x7.svg,scatter,no,4,5,24,-2,0.090909091,11
66,66,33,-0.491151691,0.556213577,0.277174569,-0.001999253,l3exHolJhqVlw.svg,line,no,4,5,24,-2,0,2
67,67,34,-0.288123657,-0.017253913,-0.622229519,0.040589851,sQg9Cjz5GEiVp.svg,scatter,no,11,5,24,-1,0,10
68,68,34,-0.288123657,-0.017253913,-0.622229519,0.040589851,lQRJdd41Xs9pU.svg,line,no,11,5,24,-1,0,2
69,69,35,-0.293346543,0.064385251,0.519020569,0.000208346,sbtnH1gZVKDop.svg,scatter,no,20,5,24,-1,0,5
70,70,35,-0.293346543,0.064385251,0.519020569,0.000208346,l3KOwptAf1o8f.svg,line,no,20,5,24,-1,0.4,5
71,71,36,-0.306300769,0.088071023,0.420313021,0.077469253,sLcLKneRGFTh4.svg,scatter,no,17,5,24,-1,0,8
72,72,36,-0.306300769,0.088071023,0.420313021,0.077469253,lBcVVBE3Wz2AF.svg,line,no,17,5,24,-1,0,8
73,73,37,0.488551276,0.47367364,0.51249152,0.027462535,sSRLvaVkSPe2L.svg,scatter,no,2,5,24,2,0,4
74,74,37,0.488551276,0.47367364,0.51249152,0.027462535,lJxLvbIne2Zi7.svg,line,no,2,5,24,2,0,5
75,75,38,0.307369427,0.101551118,0.343139215,0.006840971,sP67eiJk2QVg8.svg,scatter,no,19,5,24,1,0,5
76,76,38,0.307369427,0.101551118,0.343139215,0.006840971,lQ4HjuIFFTWn0.svg,line,no,19,5,24,1,0,6
77,77,39,0.289298739,0.077908952,-0.420916707,-0.040021649,s11WwTGOEjPo6.svg,scatter,no,10,5,24,1,0.333333333,9
78,78,39,0.289298739,0.077908952,-0.420916707,-0.040021649,lol2IxJYK1FUa.svg,line,no,10,5,24,1,0,8
79,79,40,0.512563198,0.265232059,0.346665762,0.054130383,s259PMqB8ykyo.svg,scatter,no,3,5,24,2,0.111111111,9
80,80,40,0.512563198,0.265232059,0.346665762,0.054130383,lOcUtowafh1GL.svg,line,no,3,5,24,2,0.142857143,7
81,81,41,0.30901668,0.199827019,0.418059321,-0.069872192,s39g8H6tBzyFk.svg,scatter,no,1,5,24,1,0,6
82,82,41,0.30901668,0.199827019,0.418059321,-0.069872192,l15Uxoi36MJdp.svg,line,no,1,5,24,1,0.4,5
83,83,42,0.491748525,0.201265798,0.396751829,0.044765954,sLsI8GGwxvPpE.svg,scatter,no,18,5,24,2,0.166666667,6
84,84,42,0.491748525,0.201265798,0.396751829,0.044765954,lsIGBLiXYqeVn.svg,line,no,18,5,24,2,0.166666667,6
85,85,43,0.685138491,0.017627579,0.512079089,-0.010943312,sj9Kzn6tmLyHQ.svg,scatter,no,2,5,24,3,0.5,8
86,86,43,0.685138491,0.017627579,0.512079089,-0.010943312,ly2VSf86sHnhW.svg,line,no,2,5,24,3,0.666666667,9
87,87,44,0.696768577,0.11675691,0.527202244,-0.005689276,sTFLymndIW0mh.svg,scatter,no,17,5,24,3,0.222222222,9
88,88,44,0.696768577,0.11675691,0.527202244,-0.005689276,lbw5oQqFLJSH7.svg,line,no,17,5,24,3,0.666666667,9
89,89,45,0.687637761,0.328254971,-0.383069796,-0.07285507,sJznE5LOoa9Ll.svg,scatter,no,17,5,24,3,0.4,5
90,90,45,0.687637761,0.328254971,-0.383069796,-0.07285507,l8KyVzaT9D34e.svg,line,no,17,5,24,3,0.666666667,6
91,91,46,0.889899041,0.133287563,0.631133543,0.006807834,sEVntaJhuAEMD.svg,scatter,no,4,5,24,4,1,4
92,92,46,0.889899041,0.133287563,0.631133543,0.006807834,l0TuB0DHP6xCy.svg,line,no,4,5,24,4,0.8,5
93,93,47,0.914001702,0.197133999,0.5677093,-0.071681522,sQNTvLzRCXBal.svg,scatter,no,13,5,24,4,1,11
94,94,47,0.914001702,0.197133999,0.5677093,-0.071681522,liJ9Iv1E4WobD.svg,line,no,13,5,24,4,0.714285714,7
95,95,48,0.886285014,0.301365964,-0.466855236,0.021106398,sM3TMQKmqG7Bd.svg,scatter,no,5,5,24,4,0.75,4
96,96,48,0.886285014,0.301365964,-0.466855236,0.021106398,lbC4U4ZhiJGfb.svg,line,no,5,5,24,4,0.888888889,9
97,97,49,-0.902509451,0.372241682,0.215711352,0.026047386,s6Z58A1IKAWtr.svg,scatter,no,5,5,48,-4,1,11
98,98,49,-0.902509451,0.372241682,0.215711352,0.026047386,lIpnLSpuaFW67.svg,line,no,5,5,48,-4,0,6
99,99,50,-0.897798034,0.401910383,0.428911574,0.024539625,sE3haGMHEZU83.svg,scatter,no,19,5,48,-4,1,4
100,100,50,-0.897798034,0.401910383,0.428911574,0.024539625,lRCXjD59ycOUD.svg,line,no,19,5,48,-4,0,8
101,101,51,-0.888962068,0.516981761,0.339240014,0.071168782,sRU8vW0i9Vl7H.svg,scatter,no,1,5,48,-4,0.909090909,11
102,102,51,-0.888962068,0.516981761,0.339240014,0.071168782,lgX8WqbGNf2ya.svg,line,no,1,5,48,-4,0,2
103,103,52,-0.692801891,0.345342689,-0.367042358,-0.028184482,sCajjs4llAiTx.svg,scatter,no,5,5,48,-3,1,8
104,104,52,-0.692801891,0.345342689,-0.367042358,-0.028184482,lEHEZFNkQkGgD.svg,line,no,5,5,48,-3,0.333333333,6
105,105,53,-0.698957221,0.390757723,-0.294329564,0.008959855,s0yQsqETYIXFD.svg,scatter,no,11,5,48,-3,0.764705882,17
106,106,53,-0.698957221,0.390757723,-0.294329564,0.008959855,le0tCykWXh1dX.svg,line,no,11,5,48,-3,0.285714286,7
107,107,54,-0.713270322,0.555067634,-0.274436008,-0.03237906,sEHS7U7XrMdBx.svg,scatter,no,13,5,48,-3,0.875,8
108,108,54,-0.713270322,0.555067634,-0.274436008,-0.03237906,lGMAWWdCW9krp.svg,line,no,13,5,48,-3,0.142857143,7
109,109,55,-0.492292354,0.322126917,-0.268643808,0.018114312,s5abpTd09zbq3.svg,scatter,no,6,5,48,-2,0,4
110,110,55,-0.492292354,0.322126917,-0.268643808,0.018114312,lNzM4lEyBbuWT.svg,line,no,6,5,48,-2,0.071428571,14
111,111,56,-0.499111148,0.337740982,0.303103589,0.014623831,sLEUWRoWGmjfM.svg,scatter,no,11,5,48,-2,0.25,4
112,112,56,-0.499111148,0.337740982,0.303103589,0.014623831,lIxLAGDvuphfV.svg,line,no,11,5,48,-2,0.375,8
113,113,57,-0.514909717,0.471189164,-0.311822984,-0.057572665,sXdbEBfzNJifQ.svg,scatter,no,12,5,48,-2,0.333333333,9
114,114,57,-0.514909717,0.471189164,-0.311822984,-0.057572665,lQwzT0NxThVfi.svg,line,no,12,5,48,-2,0,5
115,115,58,-0.295268222,0.506113939,-0.306208114,-0.031691265,sYjEsc2ZFd5hL.svg,scatter,no,10,5,48,-1,0.142857143,7
116,116,58,-0.295268222,0.506113939,-0.306208114,-0.031691265,l3WT9C6zviAL7.svg,line,no,10,5,48,-1,0.125,16
117,117,59,-0.295653277,0.549562963,-0.323468782,-0.037214125,s7QBYJyMbuxGv.svg,scatter,no,8,5,48,-1,0.375,8
118,118,59,-0.295653277,0.549562963,-0.323468782,-0.037214125,lMKDqvALUiTX7.svg,line,no,8,5,48,-1,0.142857143,7
119,119,60,-0.30098879,0.372841829,0.299407869,0.067382576,sVCSh9ECS4WN8.svg,scatter,no,18,5,48,-1,0.125,8
120,120,60,-0.30098879,0.372841829,0.299407869,0.067382576,ldBFVhHGNEfQm.svg,line,no,18,5,48,-1,0.125,8
121,121,61,0.293432144,0.442404601,0.348438759,0.010032714,spGUcJq0OM5SS.svg,scatter,no,18,5,48,1,0,10
122,122,61,0.293432144,0.442404601,0.348438759,0.010032714,lgnRWVx6SyCGP.svg,line,no,18,5,48,1,0.428571429,7
123,123,62,0.292330377,0.510798333,0.474560304,0.014543986,sFXfOOCVR0StT.svg,scatter,no,13,5,48,1,0,3
124,124,62,0.292330377,0.510798333,0.474560304,0.014543986,letyUNlxl5pu2.svg,line,no,13,5,48,1,0.166666667,6
125,125,63,0.288828492,0.429034287,-0.297639314,0.005083749,s6wVzlOQcEBYX.svg,scatter,no,10,5,48,1,0,4
126,126,63,0.288828492,0.429034287,-0.297639314,0.005083749,l5QSc4KqwLHiJ.svg,line,no,10,5,48,1,0.1,10
127,127,64,0.497617379,0.287456002,0.223349997,0.029202611,sPOjbTxuWIG97.svg,scatter,no,7,5,48,2,0.583333333,12
128,128,64,0.497617379,0.287456002,0.223349997,0.029202611,lPanJeHJy0jo6.svg,line,no,7,5,48,2,0.833333333,6
129,129,65,0.492776792,0.455097509,-0.23963117,-0.033694866,s3b6dtStGpLfx.svg,scatter,no,4,5,48,2,0.5,4
130,130,65,0.492776792,0.455097509,-0.23963117,-0.033694866,lpVYb7gKU5mTi.svg,line,no,4,5,48,2,0.75,4
131,131,66,0.491937886,0.480529587,0.269596868,-0.000491357,sY28uKwbOqUeB.svg,scatter,no,2,5,48,2,0.857142857,14
132,132,66,0.491937886,0.480529587,0.269596868,-0.000491357,lre2rhkfLGHKT.svg,line,no,2,5,48,2,0.666666667,9
133,133,67,0.685072631,0.354040242,-0.326545644,-0.010209677,s9m3xOK6qcWKq.svg,scatter,no,11,5,48,3,1,7
134,134,67,0.685072631,0.354040242,-0.326545644,-0.010209677,l6quqZH3DgCxL.svg,line,no,11,5,48,3,0.454545455,11
135,135,68,0.693035423,0.639428032,0.262466474,-0.021571481,s4PscQzbdcivd.svg,scatter,no,11,5,48,3,1,6
136,136,68,0.693035423,0.639428032,0.262466474,-0.021571481,lBleWs7gAktIO.svg,line,no,11,5,48,3,0.6,5
137,137,69,0.699869313,0.282034549,-0.32030686,-0.017072402,sA1OZYleAzMR8.svg,scatter,no,19,5,48,3,0.857142857,7
138,138,69,0.692833026,0.282034549,-0.302124874,-0.035541099,lV4TYLoVyi7r0.svg,line,no,1,5,48,3,0.75,12
139,139,70,0.906282213,0.469109693,0.175571379,0.036397427,sJGhsDim3mxAt.svg,scatter,no,4,5,48,4,1,4
140,140,70,0.906282213,0.469109693,0.175571379,0.036397427,levqphUkPliOG.svg,line,no,4,5,48,4,0.846153846,13
141,141,71,0.88620764,0.655186382,-0.303784284,-0.015712245,s2iPzGMJ00kjf.svg,scatter,no,19,5,48,4,1,6
142,142,71,0.88620764,0.655186382,-0.303784284,-0.015712245,l52sE9GsCA2ZV.svg,line,no,19,5,48,4,0,8
143,143,72,0.904706711,0.74144567,-0.237021309,-0.009961099,s6UA8On7ObUyV.svg,scatter,no,13,5,48,4,1,10
144,144,72,0.904706711,0.74144567,-0.237021309,-0.009961099,lDmCWW05oDHOW.svg,line,no,13,5,48,4,0.833333333,6
145,145,73,-0.901378936,0.552795129,0.232349975,0.026279338,sTYeJz0fMr9jZ.svg,scatter,no,14,5,96,-4,1,4
146,146,73,-0.901378936,0.552795129,0.232349975,0.026279338,lf62Bzriz8zpM.svg,line,no,14,5,96,-4,0.111111111,9
147,147,74,-0.908061845,0.492659912,0.170240741,0.018255806,sbcUqiNIdFuDb.svg,scatter,no,16,5,96,-4,0.909090909,11
148,148,74,-0.908061845,0.492659912,0.170240741,0.018255806,lfMsi5aPR4k0e.svg,line,no,16,5,96,-4,0.333333333,3
149,149,75,-0.90554102,0.54181614,0.278372224,-0.048662411,sGFGvZNoN9pMT.svg,scatter,no,7,5,96,-4,1,6
150,150,75,-0.90554102,0.54181614,0.278372224,-0.048662411,l76x4cOUXfNVZ.svg,line,no,7,5,96,-4,0,9
151,151,76,-0.709965882,0.484262886,-0.252835524,-0.041114091,sQJPaAMfsY8pv.svg,scatter,no,2,5,96,-3,1,1
152,152,76,-0.709965882,0.484262886,-0.252835524,-0.041114091,l7NQ4PPn67zVl.svg,line,no,2,5,96,-3,0,4
153,153,77,-0.696026225,0.295225842,-0.214284179,-0.018836681,sKOsVnPavHFBu.svg,scatter,no,14,5,96,-3,0.6,5
154,154,77,-0.696026225,0.295225842,-0.214284179,-0.018836681,lCvzi7XcgE65x.svg,line,no,14,5,96,-3,0.125,8
155,155,78,-0.690028229,0.483218261,0.162287282,0.038032832,s6GiZHExy89yG.svg,scatter,no,11,5,96,-3,1,3
156,156,78,-0.690028229,0.483218261,0.162287282,0.038032832,llptKiLmCgShC.svg,line,no,11,5,96,-3,0,5
157,157,79,-0.48685211,0.401378565,-0.264662376,0.014436359,srNL0ySrOkpLx.svg,scatter,no,19,5,96,-2,0,9
158,158,79,-0.48685211,0.401378565,-0.264662376,0.014436359,lA4hgLf1ATfXa.svg,line,no,19,5,96,-2,0,6
159,159,80,-0.512551719,0.51029088,-0.225667755,-0.015617885,s0ZPnLvKQjD7g.svg,scatter,no,11,5,96,-2,0.666666667,15
160,160,80,-0.512551719,0.51029088,-0.225667755,-0.015617885,l7SleDr6TF6KW.svg,line,no,11,5,96,-2,0,10
161,161,81,-0.496059123,0.460596921,-0.248131138,-0.030733877,suYeyfOgr3XD3.svg,scatter,no,5,5,96,-2,0.333333333,6
162,162,81,-0.496059123,0.460596921,-0.248131138,-0.030733877,lcDsDkr37U73h.svg,line,no,5,5,96,-2,0,7
163,163,82,-0.291579239,0.420372295,-0.13297322,-0.000784105,sbV2BooIiqU8X.svg,scatter,no,5,5,96,-1,0,7
164,164,82,-0.291579239,0.420372295,-0.13297322,-0.000784105,l5iFTVjDEqCqf.svg,line,no,5,5,96,-1,0.111111111,9
165,165,83,-0.288856627,0.413080578,0.134297183,0.026166912,sfg1WZXsFRd2O.svg,scatter,no,11,5,96,-1,0.1,10
166,166,83,-0.288856627,0.413080578,0.134297183,0.026166912,lazmmjuWKZkEE.svg,line,no,11,5,96,-1,0.166666667,6
167,167,84,-0.290245263,0.437568256,-0.200162677,-0.009928412,s1aPaLdzt2rsA.svg,scatter,no,3,5,96,-1,0.363636364,11
168,168,84,-0.290245263,0.437568256,-0.200162677,-0.009928412,lOfsbEjjH2PsJ.svg,line,no,3,5,96,-1,0,6
169,169,85,0.286590116,0.447477458,0.144451193,-6.24E-06,st2cPaiOjZivo.svg,scatter,no,3,5,96,1,0.3,10
170,170,85,0.286590116,0.447477458,0.144451193,-6.24E-06,lNWC7pHZQczZ5.svg,line,no,3,5,96,1,0,3
171,171,86,0.299594603,0.507331616,-0.261391573,-0.02446751,syQdr7kFB7Vws.svg,scatter,no,11,5,96,1,0.75,12
172,172,86,0.299594603,0.507331616,-0.261391573,-0.02446751,l1gZUjRm31vbY.svg,line,no,11,5,96,1,0.8,5
173,173,87,0.298579473,0.473167683,-0.154280346,0.026203021,syk6Rkksw0CDd.svg,scatter,no,16,5,96,1,0.428571429,7
174,174,87,0.298579473,0.473167683,-0.154280346,0.026203021,lr8yJ088V8ehj.svg,line,no,16,5,96,1,0.666666667,3
175,175,88,0.51498689,0.484397201,0.185528525,-0.009029539,sA26vpiyGarBf.svg,scatter,no,16,5,96,2,1,7
176,176,88,0.51498689,0.484397201,0.185528525,-0.009029539,llh5XdCE1krj5.svg,line,no,16,5,96,2,0.727272727,11
177,177,89,0.500408506,0.439078332,0.241178825,0.009922697,sWJszGVW47XGv.svg,scatter,no,10,5,96,2,0.545454545,11
178,178,89,0.500408506,0.439078332,0.241178825,0.009922697,lWyFvpkgoZywA.svg,line,no,10,5,96,2,0.25,8
179,179,90,0.488083838,0.444135069,0.175905368,0.00034204,suBy2pmyG3AUO.svg,scatter,no,13,5,96,2,0.8,10
180,180,90,0.488083838,0.444135069,0.175905368,0.00034204,liGcRLB4QFxwf.svg,line,no,13,5,96,2,0.111111111,9
181,181,91,0.692822448,0.574869007,-0.276230994,-0.053948487,sd4VRB0k6rjjm.svg,scatter,no,12,5,96,3,0.833333333,6
182,182,91,0.692822448,0.574869007,-0.276230994,-0.053948487,lO9xVUe3sAiDK.svg,line,no,12,5,96,3,0.75,4
183,183,92,0.690713742,0.428561745,0.254973221,-0.000543545,sUnj8EaYeadPN.svg,scatter,no,11,5,96,3,1,9
184,184,92,0.690713742,0.428561745,0.254973221,-0.000543545,lgSiFsZJdXonm.svg,line,no,11,5,96,3,0.6,10
185,185,93,0.704275903,0.553426616,0.172321729,-0.002293131,snslmvMRPscUM.svg,scatter,no,4,5,96,3,0.8,5
186,186,93,0.704275903,0.553426616,0.172321729,-0.002293131,lleC6csjAbyz0.svg,line,no,4,5,96,3,1,5
187,187,94,0.906732363,0.692848098,-0.302434772,0.028976864,suXiZhgsu9vER.svg,scatter,no,17,5,96,4,0.833333333,6
188,188,94,0.906732363,0.692848098,-0.302434772,0.028976864,lZmbmzMTsyslA.svg,line,no,17,5,96,4,0.714285714,7
189,189,95,0.903656729,0.420564025,0.223823521,0.037037023,soc8DyNRPa55r.svg,scatter,no,11,5,96,4,1,7
190,190,95,0.903656729,0.420564025,0.223823521,0.037037023,lwz6Wfmkr4Bui.svg,line,no,11,5,96,4,0.8,10
191,191,96,0.905627169,0.407021665,-0.231223914,-0.015478066,sVRwXdeJKUNOt.svg,scatter,no,3,5,96,4,1,4
192,192,96,0.905627169,0.407021665,-0.231223914,-0.015478066,l8vAeT9UgN0By.svg,line,no,3,5,96,4,0.8,5
193,193,97,-0.705157581,0.824105205,-0.391323065,0.044379873,sWGbztf9cRb4C.svg,scatter,yes,11,5,48,-3,0.909090909,11
194,194,97,-0.705157581,0.824105205,-0.391323065,0.044379873,l4ByKlBIK5NHI.svg,line,yes,11,5,48,-3,0.285714286,7
195,195,98,-0.902042554,0.853175317,-0.301968905,0.014678842,snbj2CcOz00mT.svg,scatter,yes,9,5,48,-4,1,2
196,196,98,-0.902042554,0.853175317,-0.301968905,0.014678842,lHvPBDpZ4LZAg.svg,line,yes,9,5,48,-4,0.545454545,11
197,197,99,-0.898897031,0.787439889,-0.279587441,0.038797248,stUhHi1kCRjRc.svg,scatter,yes,11,5,48,-4,1,6
198,198,99,-0.898897031,0.787439889,-0.279587441,0.038797248,lp2bxBG6YYvdI.svg,line,yes,11,5,48,-4,0.625,8
199,199,100,-0.908659914,0.876675676,-0.305951575,-0.004679181,sQ2b7VteylKVp.svg,scatter,yes,12,5,48,-4,0.5,2
200,200,100,-0.908659914,0.876675676,-0.305951575,-0.004679181,lO6G2Xf6NsfCy.svg,line,yes,12,5,48,-4,0.857142857,7
201,201,101,-0.699694562,0.900806565,0.421522022,0.052802995,sBSwhlZC15DiV.svg,scatter,yes,20,5,48,-3,0.75,8
202,202,101,-0.699694562,0.900806565,0.421522022,0.052802995,lEvD3hwmzppEd.svg,line,yes,20,5,48,-3,0.333333333,3
203,203,102,-0.711978487,0.897228196,0.534401884,0.095000033,svBbyV2GFdWWw.svg,scatter,yes,11,5,48,-3,0.857142857,7
204,204,102,-0.711978487,0.897228196,0.534401884,0.095000033,lfjlWliGTPrKT.svg,line,yes,11,5,48,-3,0.583333333,12
205,205,103,-0.499622998,0.860167916,0.409485346,0.090740713,sYWgi6BgIuQu0.svg,scatter,yes,18,5,48,-2,0.714285714,7
206,206,103,-0.499622998,0.860167916,0.409485346,0.090740713,lsDAKCLGjDcMF.svg,line,yes,18,5,48,-2,0,11
207,207,104,-0.495159796,0.874065132,0.496298535,-0.00563869,sKlQdyXhFCOf8.svg,scatter,yes,6,5,48,-2,0.333333333,9
208,208,104,-0.495159796,0.874065132,0.496298535,-0.00563869,lMn0TGp7Obbvl.svg,line,yes,6,5,48,-2,0.125,8
209,209,105,-0.312407931,0.858643698,0.346385914,-0.000198482,sFf2oZXvQSqhu.svg,scatter,yes,7,5,48,-1,0,3
210,210,105,-0.312407931,0.858643698,0.346385914,-0.000198482,lmLi1ZjwUrPnJ.svg,line,yes,7,5,48,-1,0,4
211,211,106,-0.496700336,0.850588682,-0.483144599,-0.027624101,smF22kQMTBpSm.svg,scatter,yes,5,5,48,-2,0.8,5
212,212,106,-0.496700336,0.850588682,-0.483144599,-0.027624101,l6i5lRW06KblM.svg,line,yes,5,5,48,-2,0.25,8
213,213,107,-0.287097575,0.816915451,0.332830734,0.053131886,shBmzbrxvH9cD.svg,scatter,yes,12,5,48,-1,0,3
214,214,107,-0.287097575,0.816915451,0.332830734,0.053131886,l6w63VMl60CCH.svg,line,yes,12,5,48,-1,0.111111111,9
215,215,108,-0.301251432,0.848006741,-0.40606954,-0.087976209,sXMuB5mhjinnn.svg,scatter,yes,6,5,48,-1,0,10
216,216,108,-0.301251432,0.848006741,-0.40606954,-0.087976209,lqwQVwCN7fZf4.svg,line,yes,6,5,48,-1,0,1
217,217,109,0.303613154,0.829067146,0.358932312,0.036857297,sbc9lPR3PGV1h.svg,scatter,yes,7,5,48,1,0,4
218,218,109,0.303613154,0.829067146,0.358932312,0.036857297,lJA6lqPvzD6Dt.svg,line,yes,7,5,48,1,0,7
219,219,110,0.499012271,0.883234373,0.292896456,0.014802636,st1sLJf0yyUsE.svg,scatter,yes,13,5,48,2,0.6,10
220,220,110,0.499012271,0.883234373,0.292896456,0.014802636,l4E8AZhjViw65.svg,line,yes,13,5,48,2,0.166666667,6
221,221,111,0.492157491,0.814176071,-0.31390698,0.010861185,suHzH6tROxpTT.svg,scatter,yes,1,5,48,2,0.2,5
222,222,111,0.492157491,0.814176071,-0.31390698,0.010861185,luR6T4DKIi5Q1.svg,line,yes,1,5,48,2,0.6,5
223,223,112,0.499006824,0.853844024,0.310750508,-0.001349102,su7mWVpd3weJv.svg,scatter,yes,10,5,48,2,0.25,4
224,224,112,0.499006824,0.853844024,0.310750508,-0.001349102,lUvSeFI4PVggM.svg,line,yes,10,5,48,2,0.6,5
225,225,113,0.311310534,0.868241996,0.327586075,-0.017962841,s4bg1LtP85Lr4.svg,scatter,yes,20,5,48,1,0.133333333,15
226,226,113,0.311310534,0.868241996,0.327586075,-0.017962841,leXYWVukFhLPx.svg,line,yes,20,5,48,1,0.25,4
227,227,114,0.291578232,0.912625877,0.415524162,-0.009211713,swcfw6ngMUc2E.svg,scatter,yes,2,5,48,1,0,4
228,228,114,0.291578232,0.912625877,0.415524162,-0.009211713,l4BzWlfGI1k0V.svg,line,yes,2,5,48,1,0.25,8
229,229,115,0.714854662,0.904209325,0.523005234,0.01114219,s1WEjrDyB83P6.svg,scatter,yes,5,5,48,3,1,6
230,230,115,0.714854662,0.904209325,0.523005234,0.01114219,loGxsnEWnaC9o.svg,line,yes,5,5,48,3,0.727272727,11
231,231,116,0.696325465,0.883596865,-0.423151017,-0.026300297,sYKAffXvoYy2T.svg,scatter,yes,10,5,48,3,0.5,8
232,232,116,0.696325465,0.883596865,-0.423151017,-0.026300297,lUHJq1gpuoM2e.svg,line,yes,10,5,48,3,0.875,8
233,233,117,0.686395662,0.907591965,-0.44267229,-0.000821253,szWknUTpzfpOf.svg,scatter,yes,5,5,48,3,1,5
234,234,117,0.686395662,0.907591965,-0.44267229,-0.000821253,ln7KP5S8WRVLk.svg,line,yes,5,5,48,3,0.8,5
235,235,118,0.897028328,0.899090299,-0.386716955,-0.019591321,seBSczETZSi2M.svg,scatter,yes,15,5,48,4,0.75,4
236,236,118,0.897028328,0.899090299,-0.386716955,-0.019591321,lLuPGViU5fW4f.svg,line,yes,15,5,48,4,0.555555556,9
237,237,119,0.899709739,0.870765286,0.320462927,0.015326111,sz6atLt1VvJRe.svg,scatter,yes,7,5,48,4,0.916666667,12
238,238,119,0.899709739,0.870765286,0.320462927,0.015326111,lLrc7WyZPnlUR.svg,line,yes,7,5,48,4,1,2
239,239,120,0.895952638,0.871634145,0.410529973,0.038053773,sxYJ8pF6xJheJ.svg,scatter,yes,17,5,48,4,1,2
240,240,120,0.895952638,0.871634145,0.410529973,0.038053773,lyCk6PcwB8QTF.svg,line,yes,17,5,48,4,0.777777778,9
241,241,121,-0.913904496,0.927700473,-0.287975379,-0.024723572,sIJ76loCYCNv9.svg,scatter,yes,15,5,96,-4,1,11
242,242,121,-0.913904496,0.927700473,-0.287975379,-0.024723572,lou5QbPgHLaL3.svg,line,yes,15,5,96,-4,1,5
243,243,122,-0.89882392,0.871380487,-0.254458563,-0.02607426,syMU0ZJCfvczj.svg,scatter,yes,19,5,96,-4,0.875,8
244,244,122,-0.89882392,0.871380487,-0.254458563,-0.02607426,lbVoCb393fj4o.svg,line,yes,19,5,96,-4,0.090909091,11
245,245,123,-0.887547853,0.919839722,-0.327669905,0.008059899,sxC4FBwlk0faO.svg,scatter,yes,20,5,96,-4,0.9,10
246,246,123,-0.887547853,0.919839722,-0.327669905,0.008059899,lGJNKSS7uAY2T.svg,line,yes,20,5,96,-4,0.166666667,6
247,247,124,-0.711775328,0.860203447,0.365709782,-0.000416775,s7LKux31tgdfh.svg,scatter,yes,10,5,96,-3,1,9
248,248,124,-0.711775328,0.860203447,0.365709782,-0.000416775,lRSlGdznj3wZq.svg,line,yes,10,5,96,-3,0.625,8
249,249,125,-0.693750239,0.887916519,0.222532788,0.0594925,sR1PbvQEKYsmm.svg,scatter,yes,15,5,96,-3,1,12
250,250,125,-0.693750239,0.887916519,0.222532788,0.0594925,lonCM9OgbJrmn.svg,line,yes,15,5,96,-3,0.333333333,6
251,251,126,-0.687437114,0.874920468,0.283956365,0.011356115,sYKC1YaUD7EIJ.svg,scatter,yes,6,5,96,-3,0.875,8
252,252,126,-0.687437114,0.874920468,0.283956365,0.011356115,lfUtduFcpS6Jt.svg,line,yes,6,5,96,-3,0.5,2
253,253,127,-0.508414717,0.878832431,0.280899523,0.046129321,sTkTLDo0uquf1.svg,scatter,yes,10,5,96,-2,0.4,10
254,254,127,-0.508414717,0.878832431,0.280899523,0.046129321,lJcvwgwyKgS6B.svg,line,yes,10,5,96,-2,0.5,8
255,255,128,-0.500394762,0.852082253,-0.289775857,-0.025247634,sb5TxUmz8rmdi.svg,scatter,yes,15,5,96,-2,0.5,4
256,256,128,-0.500394762,0.852082253,-0.289775857,-0.025247634,lQctv9guBKx4o.svg,line,yes,15,5,96,-2,0.333333333,9
257,257,129,-0.489842329,0.850279035,0.207406675,0.027275536,sNiiO2xXwYIRt.svg,scatter,yes,11,5,96,-2,0.444444444,9
258,258,129,-0.489842329,0.850279035,0.207406675,0.027275536,los9A7DxZYFBG.svg,line,yes,11,5,96,-2,0.285714286,7
259,259,130,-0.292215938,0.858229957,-0.278444927,-0.032699154,sIiCYHVGXmzCS.svg,scatter,yes,3,5,96,-1,0,10
260,260,130,-0.292215938,0.858229957,-0.278444927,-0.032699154,lMaeuOlDR7hrR.svg,line,yes,3,5,96,-1,0,8
261,261,131,-0.291962601,0.912011259,0.227007011,0.048568835,s6tyCQlby0bTR.svg,scatter,yes,10,5,96,-1,0.222222222,9
262,262,131,-0.291962601,0.912011259,0.227007011,0.048568835,loiLXyiI3BP7i.svg,line,yes,10,5,96,-1,0.166666667,6
263,263,132,-0.295125095,0.90968357,0.372901481,0.055572926,sL9PlviIpLtsv.svg,scatter,yes,19,5,96,-1,0.125,8
264,264,132,-0.295125095,0.90968357,0.372901481,0.055572926,lDzqGBsn0rwhS.svg,line,yes,19,5,96,-1,0,5
265,265,133,0.290228769,0.893155028,0.259696767,0.038396978,sph5KF6pJCVs1.svg,scatter,yes,17,5,96,1,0,9
266,266,133,0.290228769,0.893155028,0.259696767,0.038396978,l0ceIW13YKq0P.svg,line,yes,17,5,96,1,0.25,4
267,267,134,0.304557084,0.866027593,-0.294691732,-0.038515272,shZNX0HHmPX32.svg,scatter,yes,9,5,96,1,0.1,10
268,268,134,0.304557084,0.866027593,-0.294691732,-0.038515272,ldnaSzZWf0xPG.svg,line,yes,9,5,96,1,0.090909091,11
269,269,135,0.487385781,0.880724658,-0.278783366,-0.009199343,s7dp8WbF7qk0o.svg,scatter,yes,10,5,96,2,0.333333333,6
270,270,135,0.487385781,0.880724658,-0.278783366,-0.009199343,ldPNP1VAzcGG6.svg,line,yes,10,5,96,2,0.75,8
271,271,136,0.502058437,0.869599847,0.308032822,-0.012679051,slVEkq2BPpZd3.svg,scatter,yes,2,5,96,2,0.5,6
272,272,136,0.502058437,0.869599847,0.308032822,-0.012679051,lTKmlfARn2x5d.svg,line,yes,2,5,96,2,0.2,10
273,273,137,0.711971335,0.908691632,0.361954415,0.001238727,sL3QuVbSUB08z.svg,scatter,yes,3,5,96,3,1,1
274,274,137,0.711971335,0.908691632,0.361954415,0.001238727,lgX5d0uaWQWKZ.svg,line,yes,3,5,96,3,0.833333333,12
275,275,138,0.302398671,0.879615081,-0.319839628,-0.063967518,slHPZDM6ZOYv6.svg,scatter,yes,1,5,96,1,0,6
276,276,138,0.302398671,0.879615081,-0.319839628,-0.063967518,lv6c6j3MPX7gi.svg,line,yes,1,5,96,1,0.166666667,6
277,277,139,0.511512633,0.889222686,0.221869733,-0.01763679,sx33fwflFd5ck.svg,scatter,yes,10,5,96,2,1,6
278,278,139,0.511512633,0.889222686,0.221869733,-0.01763679,ls1wifmpupppI.svg,line,yes,10,5,96,2,0.142857143,7
279,279,140,0.705532992,0.903297763,-0.243598417,-0.028059071,soX820SMgJpGT.svg,scatter,yes,11,5,96,3,0.8,5
280,280,140,0.705532992,0.903297763,-0.243598417,-0.028059071,lCuiWK9GEhSzF.svg,line,yes,11,5,96,3,0.571428571,7
281,281,141,0.710515795,0.813160979,-0.294250398,-0.019324941,scnrKsIVmsbBC.svg,scatter,yes,7,5,96,3,1,5
282,282,141,0.710515795,0.813160979,-0.294250398,-0.019324941,lQDD1iekGo1uD.svg,line,yes,7,5,96,3,1,4
283,283,142,0.897204648,0.921984599,-0.235453043,-0.056780806,s049wsZtOMKbs.svg,scatter,yes,12,5,96,4,1,7
284,284,142,0.897204648,0.921984599,-0.235453043,-0.056780806,l7SKc765dHlH0.svg,line,yes,12,5,96,4,1,7
285,285,143,0.904243879,0.862811093,-0.395001751,0.004553824,s96fCGkpSL3Pn.svg,scatter,yes,14,5,96,4,1,9
286,286,143,0.904243879,0.862811093,-0.395001751,0.004553824,lbhyosRGaJ5Xd.svg,line,yes,14,5,96,4,1,4
287,287,144,0.885362862,0.88602298,0.353196977,0.007186908,sUj0iIXggHN5x.svg,scatter,yes,1,5,96,4,1,9
288,288,144,0.885362862,0.88602298,0.353196977,0.007186908,lP2XsUwzilB1D.svg,line,yes,1,5,96,4,0.714285714,7
